timestamp,role,username,password,first_name,last_name
2026-03-05 05:04:19,Client,bui_duy_acwi_1,Password123!,Duy,Bui
2026-03-05 05:04:42,Therapist,duong_chi_gnv3_2,Password123!,Chi,Duong
2026-03-05 05:05:02,Client,bui_son_b0e4_3,Password123!,Son,Bui
2026-03-05 05:05:39,Client,nguyen_duy_rqqc_5,Password123!,Duy,Nguyen
2026-03-05 05:05:57,Client,ho_khoa_i762_6,Password123!,Khoa,Ho
2026-03-05 05:06:28,Therapist,bui_thao_04og_7,Password123!,Thao,Bui
2026-03-05 05:06:51,Therapist,nguyen_viet_zhcx_8,Password123!,Viet,Nguyen
2026-03-05 05:07:18,Therapist,do_minh_480p_9,Password123!,Minh,Do
2026-03-05 05:07:40,Client,dang_viet_j1kb_10,Password123!,Viet,Dang
2026-03-05 05:07:59,Therapist,tran_phuong_loai_11,Password123!,Phuong,Tran
2026-03-05 05:08:18,Therapist,hoang_minh_2c0b_12,Password123!,Minh,Hoang
2026-03-05 05:08:45,Therapist,hoang_an_ibus_13,Password123!,An,Hoang
2026-03-05 05:09:13,Therapist,le_duy_q6gg_14,Password123!,Duy,Le
2026-03-05 05:09:57,Client,pham_thao_ay5s_16,Password123!,Thao,Pham
2026-03-05 05:10:15,Client,ngo_yen_86ac_17,Password123!,Yen,Ngo
2026-03-05 05:11:36,Therapist,do_nam_2kvs_20,Password123!,Nam,Do
2026-03-05 05:12:00,Client,nguyen_minh_h83y_21,Password123!,Minh,Nguyen
2026-03-05 05:12:47,Client,le_em_lfmd_23,Password123!,Em,Le
2026-03-05 05:13:10,Therapist,dang_hung_99mf_24,Password123!,Hung,Dang
2026-03-05 05:13:30,Client,do_an_lwmh_25,Password123!,An,Do
2026-03-05 05:14:08,Therapist,vu_em_bzaj_26,Password123!,Em,Vu
2026-03-05 05:15:52,Client,do_quang_sy4z_2,Password123!,Quang,Do
2026-03-05 05:16:15,Therapist,phan_duy_ch7b_3,Password123!,Duy,Phan
2026-03-05 05:16:48,Therapist,phan_giang_g6h4_4,Password123!,Giang,Phan
2026-03-05 05:17:20,Therapist,le_minh_l2bp_5,Password123!,Minh,Le
2026-03-05 05:17:43,Client,dang_hung_f2ox_6,Password123!,Hung,Dang
2026-03-05 05:18:06,Client,do_an_yzp1_7,Password123!,An,Do
2026-03-05 05:18:28,Client,ly_thao_24x9_8,Password123!,Thao,Ly
2026-03-05 05:19:11,Therapist,ngo_quang_h75c_9,Password123!,Quang,Ngo
2026-03-05 05:19:45,Therapist,dang_khoa_m7sf_10,Password123!,Khoa,Dang
2026-03-05 05:20:07,Client,pham_quang_tzym_11,Password123!,Quang,Pham
2026-03-05 05:20:36,Therapist,tran_minh_njp2_12,Password123!,Minh,Tran
2026-03-05 05:20:57,Client,nguyen_linh_nf4j_13,Password123!,Linh,Nguyen
2026-03-05 05:21:18,Therapist,phan_viet_tutt_14,Password123!,Viet,Phan
2026-03-05 05:21:40,Therapist,tran_em_6i1x_15,Password123!,Em,Tran
2026-03-05 05:22:00,Therapist,hoang_linh_a7fa_16,Password123!,Linh,Hoang
2026-03-05 05:22:21,Therapist,pham_duy_wrga_17,Password123!,Duy,Pham
2026-03-05 05:22:44,Therapist,hoang_an_3fbm_18,Password123!,An,Hoang
2026-03-05 05:23:02,Client,pham_binh_2dcm_19,Password123!,Binh,Pham
2026-03-05 05:23:20,Client,nguyen_phuong_8pq5_20,Password123!,Phuong,Nguyen
2026-03-05 05:23:38,Therapist,vu_viet_jzlp_21,Password123!,Viet,Vu
2026-03-05 05:23:59,Therapist,vu_giang_mh59_22,Password123!,Giang,Vu
2026-03-05 05:24:18,Therapist,ngo_binh_pccb_23,Password123!,Binh,Ngo
2026-03-05 05:24:42,Therapist,phan_nam_622d_24,Password123!,Nam,Phan
2026-03-05 05:25:01,Client,bui_an_qn7h_25,Password123!,An,Bui
2026-03-05 05:25:18,Client,do_linh_76em_26,Password123!,Linh,Do
2026-03-05 05:25:35,Therapist,phan_giang_5adu_27,Password123!,Giang,Phan
2026-03-05 05:25:52,Client,phan_thao_iig0_28,Password123!,Thao,Phan
2026-03-05 05:26:14,Therapist,bui_em_s6xd_29,Password123!,Em,Bui
2026-03-05 05:26:32,Client,ly_an_qe5r_30,Password123!,An,Ly
2026-03-05 05:26:52,Therapist,ho_son_copg_31,Password123!,Son,Ho
2026-03-05 05:27:08,Client,vu_viet_o151_32,Password123!,Viet,Vu
2026-03-05 05:27:32,Therapist,ho_hung_mdh0_33,Password123!,Hung,Ho
2026-03-05 05:27:51,Client,duong_khoa_vn1u_34,Password123!,Khoa,Duong
2026-03-05 05:28:12,Therapist,ly_duy_qnry_35,Password123!,Duy,Ly
2026-03-05 05:28:28,Client,dang_dung_esg3_36,Password123!,Dung,Dang
2026-03-05 05:28:46,Therapist,phan_an_qybj_37,Password123!,An,Phan
2026-03-05 05:29:36,Therapist,pham_binh_52hf_39,Password123!,Binh,Pham
2026-03-05 05:29:51,Client,le_khoa_rkqi_40,Password123!,Khoa,Le
2026-03-05 05:30:08,Client,vu_giang_hk5d_41,Password123!,Giang,Vu
2026-03-05 05:30:28,Client,vu_minh_zw5u_42,Password123!,Minh,Vu
2026-03-05 05:30:46,Client,nguyen_an_3hfi_43,Password123!,An,Nguyen
2026-03-05 05:31:07,Therapist,nguyen_yen_ds8f_44,Password123!,Yen,Nguyen
2026-03-05 05:31:28,Therapist,le_dung_vmty_45,Password123!,Dung,Le
2026-03-05 05:31:44,Client,ly_binh_u9ac_46,Password123!,Binh,Ly
2026-03-05 05:32:01,Client,phan_an_ro1h_47,Password123!,An,Phan
2026-03-05 05:32:21,Therapist,hoang_an_povh_48,Password123!,An,Hoang
2026-03-05 05:33:17,Therapist,bui_binh_sib5_50,Password123!,Binh,Bui
2026-03-05 05:33:35,Client,le_chi_4j72_51,Password123!,Chi,Le
2026-03-05 05:33:54,Client,pham_phuong_1wvw_52,Password123!,Phuong,Pham
2026-03-05 05:34:18,Therapist,dang_em_ifc4_53,Password123!,Em,Dang
2026-03-05 05:34:40,Therapist,le_nam_880i_54,Password123!,Nam,Le
2026-03-05 05:34:58,Therapist,ly_phuong_1pqp_55,Password123!,Phuong,Ly
2026-03-05 05:35:17,Therapist,phan_uyen_n88p_56,Password123!,Uyen,Phan
2026-03-05 05:35:33,Client,ho_quang_5678_57,Password123!,Quang,Ho
2026-03-05 05:35:52,Therapist,pham_chi_i56w_58,Password123!,Chi,Pham
2026-03-05 05:36:10,Client,hoang_linh_obst_59,Password123!,Linh,Hoang
2026-03-05 05:36:34,Therapist,nguyen_viet_2bca_60,Password123!,Viet,Nguyen
2026-03-05 05:36:54,Client,ngo_uyen_71yd_61,Password123!,Uyen,Ngo
2026-03-05 05:37:14,Therapist,le_nam_c2nk_62,Password123!,Nam,Le
2026-03-05 05:37:29,Client,dang_duy_7vx1_63,Password123!,Duy,Dang
2026-03-05 05:37:49,Client,phan_nam_coqj_64,Password123!,Nam,Phan
2026-03-05 05:38:04,Client,do_xuan_jypz_65,Password123!,Xuan,Do
2026-03-05 05:38:27,Therapist,ly_son_sq6s_66,Password123!,Son,Ly
2026-03-05 05:38:51,Therapist,duong_duy_nxup_67,Password123!,Duy,Duong
2026-03-05 05:39:10,Client,do_linh_ssg8_68,Password123!,Linh,Do
2026-03-05 05:39:29,Therapist,ngo_chi_l6kw_69,Password123!,Chi,Ngo
2026-03-05 05:39:47,Client,ly_dung_ax52_70,Password123!,Dung,Ly
2026-03-05 05:40:06,Client,hoang_viet_kb2t_71,Password123!,Viet,Hoang
2026-03-05 05:40:27,Client,ho_nam_snvv_72,Password123!,Nam,Ho
2026-03-05 05:40:47,Therapist,hoang_hung_2xqg_73,Password123!,Hung,Hoang
2026-03-05 05:41:07,Therapist,phan_uyen_ywvo_74,Password123!,Uyen,Phan
2026-03-05 05:41:27,Therapist,do_linh_yokf_75,Password123!,Linh,Do
2026-03-05 05:41:43,Client,pham_viet_kgb5_76,Password123!,Viet,Pham
2026-03-05 05:42:03,Therapist,phan_dung_qqkk_77,Password123!,Dung,Phan
2026-03-05 05:42:19,Client,nguyen_xuan_x91y_78,Password123!,Xuan,Nguyen
2026-03-05 05:42:38,Therapist,pham_an_kw7y_79,Password123!,An,Pham
2026-03-05 05:43:31,Client,ho_chi_nufw_81,Password123!,Chi,Ho
2026-03-05 05:43:52,Therapist,ngo_khoa_4fad_82,Password123!,Khoa,Ngo
2026-03-05 05:44:09,Client,le_khoa_zpfg_83,Password123!,Khoa,Le
2026-03-05 05:44:27,Client,ngo_phuong_pcge_84,Password123!,Phuong,Ngo
2026-03-05 05:44:46,Therapist,ngo_duy_3gl9_85,Password123!,Duy,Ngo
2026-03-05 05:45:06,Client,le_viet_db6d_86,Password123!,Viet,Le
2026-03-05 05:45:23,Client,phan_minh_kifa_87,Password123!,Minh,Phan
2026-03-05 05:45:43,Therapist,do_son_vqxv_88,Password123!,Son,Do
2026-03-05 05:46:05,Therapist,pham_son_9i77_89,Password123!,Son,Pham
2026-03-05 05:46:24,Therapist,duong_giang_3can_90,Password123!,Giang,Duong
2026-03-05 05:46:42,Client,le_minh_73iu_91,Password123!,Minh,Le
2026-03-05 05:47:26,Therapist,dang_yen_xnes_93,Password123!,Yen,Dang
2026-03-05 05:47:43,Client,pham_an_9zvx_94,Password123!,An,Pham
2026-03-05 05:48:05,Therapist,ly_quang_i2eb_95,Password123!,Quang,Ly
2026-03-05 05:48:28,Therapist,le_xuan_a6zr_96,Password123!,Xuan,Le
2026-03-05 05:48:49,Client,phan_yen_izp0_97,Password123!,Yen,Phan
2026-03-05 05:49:07,Therapist,pham_viet_8ojm_98,Password123!,Viet,Pham
2026-03-05 05:49:50,Client,ho_khoa_zjqx_100,Password123!,Khoa,Ho
2026-03-05 05:50:14,Therapist,dang_thao_wg7a_101,Password123!,Thao,Dang
2026-03-05 05:50:35,Therapist,ho_em_6lwt_102,Password123!,Em,Ho
2026-03-05 05:50:51,Client,pham_quang_1b3a_103,Password123!,Quang,Pham
2026-03-05 05:51:44,Therapist,duong_hung_3ozl_105,Password123!,Hung,Duong
2026-03-05 05:52:07,Therapist,pham_binh_92l1_106,Password123!,Binh,Pham
2026-03-05 05:52:30,Therapist,nguyen_nam_74ty_107,Password123!,Nam,Nguyen
2026-03-05 05:52:52,Client,pham_uyen_cyhr_108,Password123!,Uyen,Pham
2026-03-05 05:53:12,Client,vu_binh_kyo0_109,Password123!,Binh,Vu
2026-03-05 05:53:35,Therapist,tran_khoa_81ya_110,Password123!,Khoa,Tran
2026-03-05 05:53:57,Therapist,do_son_6fbf_111,Password123!,Son,Do
2026-03-05 05:54:19,Therapist,nguyen_khoa_wy8a_112,Password123!,Khoa,Nguyen
2026-03-05 05:54:39,Therapist,hoang_an_nfuh_113,Password123!,An,Hoang
2026-03-05 05:54:59,Client,ly_chi_on23_114,Password123!,Chi,Ly
2026-03-05 05:55:17,Client,le_em_981u_115,Password123!,Em,Le
2026-03-05 05:55:41,Therapist,hoang_viet_y62z_116,Password123!,Viet,Hoang
2026-03-05 05:56:02,Therapist,phan_em_7a4n_117,Password123!,Em,Phan
2026-03-05 05:56:24,Client,ho_linh_ntj1_118,Password123!,Linh,Ho
2026-03-05 05:56:49,Therapist,bui_viet_o3ff_119,Password123!,Viet,Bui
2026-03-05 05:57:08,Client,hoang_minh_cc1b_120,Password123!,Minh,Hoang
2026-03-05 05:57:27,Client,ho_linh_w63o_121,Password123!,Linh,Ho
2026-03-05 05:57:49,Client,ngo_giang_ndmg_122,Password123!,Giang,Ngo
2026-03-05 05:58:06,Client,bui_linh_qu6j_123,Password123!,Linh,Bui
2026-03-05 05:58:30,Therapist,ho_quang_lrch_124,Password123!,Quang,Ho
2026-03-05 05:58:51,Client,ly_hung_l0z3_125,Password123!,Hung,Ly
2026-03-05 05:59:12,Client,nguyen_hung_87mi_126,Password123!,Hung,Nguyen
2026-03-05 05:59:31,Client,tran_chi_jiny_127,Password123!,Chi,Tran
2026-03-05 05:59:50,Client,hoang_duy_gqqv_128,Password123!,Duy,Hoang
2026-03-05 06:00:12,Therapist,vu_son_gnlo_129,Password123!,Son,Vu
2026-03-05 06:00:33,Therapist,ly_em_iewx_130,Password123!,Em,Ly
2026-03-05 06:00:53,Client,ly_thao_9n9r_131,Password123!,Thao,Ly
2026-03-05 06:01:18,Therapist,ho_dung_mjfz_132,Password123!,Dung,Ho
2026-03-05 06:01:39,Therapist,hoang_dung_08id_133,Password123!,Dung,Hoang
2026-03-05 06:01:59,Client,ho_uyen_8w1o_134,Password123!,Uyen,Ho
2026-03-05 06:02:17,Therapist,dang_minh_x970_135,Password123!,Minh,Dang
2026-03-05 06:02:33,Client,phan_giang_7mf8_136,Password123!,Giang,Phan
2026-03-05 06:03:27,Client,ho_viet_uh7j_138,Password123!,Viet,Ho
2026-03-05 06:03:49,Therapist,do_duy_fyuh_139,Password123!,Duy,Do
2026-03-05 06:04:11,Therapist,bui_yen_m3xy_140,Password123!,Yen,Bui
2026-03-05 06:04:28,Client,dang_son_b0f1_141,Password123!,Son,Dang
2026-03-05 06:04:49,Therapist,do_yen_pvez_142,Password123!,Yen,Do
2026-03-05 06:05:11,Therapist,nguyen_son_594m_143,Password123!,Son,Nguyen
2026-03-05 06:05:29,Client,pham_binh_tup1_144,Password123!,Binh,Pham
2026-03-05 06:05:47,Client,duong_linh_1uag_145,Password123!,Linh,Duong
2026-03-05 06:06:08,Therapist,tran_viet_h5lq_146,Password123!,Viet,Tran
2026-03-05 06:06:27,Therapist,ly_nam_oxy2_147,Password123!,Nam,Ly
2026-03-05 06:06:46,Therapist,vu_khoa_cysa_148,Password123!,Khoa,Vu
2026-03-05 06:07:04,Client,hoang_linh_k12d_149,Password123!,Linh,Hoang
2026-03-05 06:07:23,Therapist,ngo_nam_v5sg_150,Password123!,Nam,Ngo
2026-03-05 06:07:44,Therapist,bui_hung_aj3r_151,Password123!,Hung,Bui
2026-03-05 06:08:04,Therapist,nguyen_minh_avhl_152,Password123!,Minh,Nguyen
2026-03-05 06:08:22,Client,nguyen_em_ujx6_153,Password123!,Em,Nguyen
2026-03-05 06:08:41,Client,ngo_linh_or8g_154,Password123!,Linh,Ngo
2026-03-05 06:08:57,Client,vu_thao_n4iz_155,Password123!,Thao,Vu
2026-03-05 06:09:19,Therapist,do_hung_taq9_156,Password123!,Hung,Do
2026-03-05 06:09:35,Client,vu_khoa_c2wp_157,Password123!,Khoa,Vu
2026-03-05 06:09:57,Therapist,hoang_chi_ak8p_158,Password123!,Chi,Hoang
2026-03-05 06:10:19,Therapist,vu_chi_vqea_159,Password123!,Chi,Vu
2026-03-05 06:10:38,Therapist,dang_linh_mm8w_160,Password123!,Linh,Dang
2026-03-05 06:11:00,Therapist,pham_uyen_taab_161,Password123!,Uyen,Pham
2026-03-05 06:11:19,Therapist,hoang_chi_hf76_162,Password123!,Chi,Hoang
2026-03-05 06:11:41,Therapist,dang_giang_smp5_163,Password123!,Giang,Dang
2026-03-05 06:11:59,Therapist,ly_em_c820_164,Password123!,Em,Ly
2026-03-05 06:12:17,Therapist,hoang_xuan_49oq_165,Password123!,Xuan,Hoang
2026-03-05 06:12:40,Therapist,dang_xuan_xkyz_166,Password123!,Xuan,Dang
2026-03-05 06:12:59,Therapist,ly_quang_32fq_167,Password123!,Quang,Ly
2026-03-05 06:13:18,Therapist,tran_thao_w98y_168,Password123!,Thao,Tran
2026-03-05 06:13:36,Therapist,duong_duy_wuyt_169,Password123!,Duy,Duong
2026-03-05 06:13:51,Client,le_thao_scwq_170,Password123!,Thao,Le
2026-03-05 06:14:12,Therapist,nguyen_linh_95fz_171,Password123!,Linh,Nguyen
2026-03-05 06:14:30,Therapist,ly_phuong_6px8_172,Password123!,Phuong,Ly
2026-03-05 06:14:47,Client,vu_uyen_2li0_173,Password123!,Uyen,Vu
2026-03-05 06:15:06,Client,dang_duy_5dq8_174,Password123!,Duy,Dang
2026-03-05 06:15:23,Client,ho_hung_at8b_175,Password123!,Hung,Ho
2026-03-05 06:15:39,Client,ngo_chi_1orl_176,Password123!,Chi,Ngo
2026-03-05 06:15:56,Client,duong_chi_naal_177,Password123!,Chi,Duong
2026-03-05 06:16:16,Therapist,vu_thao_hdt8_178,Password123!,Thao,Vu
2026-03-05 06:16:32,Client,do_giang_qurt_179,Password123!,Giang,Do
2026-03-05 06:16:48,Client,le_binh_3795_180,Password123!,Binh,Le
2026-03-05 06:17:06,Client,le_phuong_0cmx_181,Password123!,Phuong,Le
2026-03-05 06:17:25,Client,duong_dung_rn3j_182,Password123!,Dung,Duong
2026-03-05 06:17:44,Client,tran_quang_xb63_183,Password123!,Quang,Tran
2026-03-05 06:18:03,Client,dang_binh_wn3d_184,Password123!,Binh,Dang
2026-03-05 06:18:21,Client,ho_xuan_undn_185,Password123!,Xuan,Ho
2026-03-05 06:18:40,Therapist,ho_viet_idz2_186,Password123!,Viet,Ho
2026-03-05 06:19:01,Client,nguyen_uyen_4yet_187,Password123!,Uyen,Nguyen
2026-03-05 06:19:20,Client,hoang_khoa_4bxy_188,Password123!,Khoa,Hoang
2026-03-05 06:19:42,Therapist,ho_phuong_ig5a_189,Password123!,Phuong,Ho
2026-03-05 06:19:59,Therapist,ly_viet_u2cb_190,Password123!,Viet,Ly
2026-03-05 06:20:18,Client,nguyen_son_6wem_191,Password123!,Son,Nguyen
2026-03-05 06:20:35,Client,ly_chi_5uun_192,Password123!,Chi,Ly
2026-03-05 06:20:53,Client,pham_an_lxw7_193,Password123!,An,Pham
2026-03-05 06:21:10,Client,tran_minh_mg4j_194,Password123!,Minh,Tran
2026-03-05 06:21:28,Therapist,ngo_dung_aj59_195,Password123!,Dung,Ngo
2026-03-05 06:21:47,Therapist,duong_xuan_h2e6_196,Password123!,Xuan,Duong
2026-03-05 06:22:07,Client,ho_chi_hjpa_197,Password123!,Chi,Ho
2026-03-05 06:22:25,Client,ly_dung_uctl_198,Password123!,Dung,Ly
2026-03-05 06:22:41,Therapist,ngo_linh_m72l_199,Password123!,Linh,Ngo
2026-03-05 06:23:06,Therapist,duong_quang_9xqj_200,Password123!,Quang,Duong
2026-03-05 06:23:25,Client,phan_uyen_anj1_201,Password123!,Uyen,Phan
2026-03-05 06:23:43,Therapist,nguyen_an_n23c_202,Password123!,An,Nguyen
2026-03-05 06:24:03,Therapist,phan_duy_wy98_203,Password123!,Duy,Phan
2026-03-05 06:24:20,Client,pham_khoa_nm91_204,Password123!,Khoa,Pham
2026-03-05 06:24:41,Therapist,vu_phuong_xw4d_205,Password123!,Phuong,Vu
2026-03-05 06:25:01,Client,tran_dung_q6h5_206,Password123!,Dung,Tran
2026-03-05 06:25:20,Client,do_duy_y838_207,Password123!,Duy,Do
2026-03-05 06:26:13,Therapist,pham_khoa_bbni_209,Password123!,Khoa,Pham
2026-03-05 06:26:35,Therapist,duong_minh_w3p1_210,Password123!,Minh,Duong
2026-03-05 06:26:55,Client,ly_viet_dvu8_211,Password123!,Viet,Ly
2026-03-05 06:27:12,Client,ho_em_cm45_212,Password123!,Em,Ho
2026-03-05 06:27:30,Therapist,le_dung_cd3o_213,Password123!,Dung,Le
2026-03-05 06:27:46,Client,hoang_thao_y50b_214,Password123!,Thao,Hoang
2026-03-05 06:28:05,Client,do_linh_x3lt_215,Password123!,Linh,Do
2026-03-05 06:28:24,Therapist,ngo_chi_ap48_216,Password123!,Chi,Ngo
2026-03-05 06:28:43,Client,ngo_minh_vsrg_217,Password123!,Minh,Ngo
2026-03-05 06:29:03,Therapist,nguyen_hung_kzo4_218,Password123!,Hung,Nguyen
2026-03-05 06:29:24,Therapist,vu_duy_odsr_219,Password123!,Duy,Vu
2026-03-05 06:29:42,Client,nguyen_phuong_r10d_220,Password123!,Phuong,Nguyen
2026-03-05 06:29:58,Client,duong_nam_lec1_221,Password123!,Nam,Duong
2026-03-05 06:30:19,Therapist,ho_thao_ry40_222,Password123!,Thao,Ho
2026-03-05 06:30:42,Therapist,ngo_son_9rpx_223,Password123!,Son,Ngo
2026-03-05 06:31:00,Client,nguyen_khoa_hhb6_224,Password123!,Khoa,Nguyen
2026-03-05 06:31:16,Client,nguyen_duy_gvf9_225,Password123!,Duy,Nguyen
2026-03-05 06:31:34,Therapist,le_linh_p9dj_226,Password123!,Linh,Le
2026-03-05 06:31:57,Therapist,do_nam_lycs_227,Password123!,Nam,Do
2026-03-05 06:32:14,Client,vu_an_kbkw_228,Password123!,An,Vu
2026-03-05 06:32:32,Client,tran_khoa_9737_229,Password123!,Khoa,Tran
2026-03-05 06:32:53,Therapist,ly_giang_a9g9_230,Password123!,Giang,Ly
2026-03-05 06:33:45,Client,ngo_xuan_rhww_232,Password123!,Xuan,Ngo
2026-03-05 06:34:00,Client,hoang_linh_8cff_233,Password123!,Linh,Hoang
2026-03-05 06:34:16,Client,bui_binh_z5te_234,Password123!,Binh,Bui
2026-03-05 06:35:11,Client,dang_linh_jml3_236,Password123!,Linh,Dang
2026-03-05 06:35:28,Therapist,nguyen_minh_odo1_237,Password123!,Minh,Nguyen
2026-03-05 06:36:20,Client,le_khoa_bquy_239,Password123!,Khoa,Le
2026-03-05 06:36:39,Therapist,phan_xuan_bx2v_240,Password123!,Xuan,Phan
2026-03-05 06:36:56,Client,le_dung_0xx9_241,Password123!,Dung,Le
2026-03-05 06:37:15,Client,nguyen_chi_9yvc_242,Password123!,Chi,Nguyen
2026-03-05 06:37:31,Client,duong_thao_wy6m_243,Password123!,Thao,Duong
2026-03-05 06:37:49,Client,tran_hung_ht85_244,Password123!,Hung,Tran
2026-03-05 06:38:08,Client,le_duy_8xh6_245,Password123!,Duy,Le
2026-03-05 06:38:28,Therapist,phan_nam_rztr_246,Password123!,Nam,Phan
2026-03-05 06:38:45,Therapist,tran_duy_t12m_247,Password123!,Duy,Tran
2026-03-05 06:39:04,Therapist,bui_xuan_v18g_248,Password123!,Xuan,Bui
2026-03-05 06:39:23,Therapist,do_thao_lgzo_249,Password123!,Thao,Do
2026-03-05 06:39:41,Therapist,do_nam_891h_250,Password123!,Nam,Do
2026-03-05 06:40:02,Therapist,vu_thao_cxwe_251,Password123!,Thao,Vu
2026-03-05 06:40:26,Therapist,ngo_dung_5v9d_252,Password123!,Dung,Ngo
2026-03-05 06:40:42,Client,vu_xuan_hn66_253,Password123!,Xuan,Vu
2026-03-05 06:40:58,Client,duong_chi_70e1_254,Password123!,Chi,Duong
2026-03-05 06:41:17,Therapist,ly_viet_0nvy_255,Password123!,Viet,Ly
2026-03-05 06:41:37,Therapist,duong_thao_zuae_256,Password123!,Thao,Duong
2026-03-05 06:41:57,Therapist,duong_linh_qa05_257,Password123!,Linh,Duong
2026-03-05 06:42:16,Client,do_khoa_9dxk_258,Password123!,Khoa,Do
2026-03-05 06:43:09,Therapist,pham_uyen_rre4_260,Password123!,Uyen,Pham
2026-03-05 06:43:24,Client,ho_duy_asp9_261,Password123!,Duy,Ho
2026-03-05 06:43:40,Client,ngo_hung_jsye_262,Password123!,Hung,Ngo
2026-03-05 06:43:58,Therapist,ho_hung_n8i8_263,Password123!,Hung,Ho
2026-03-05 06:44:19,Therapist,dang_duy_asne_264,Password123!,Duy,Dang
2026-03-05 06:44:39,Therapist,vu_khoa_q5gy_265,Password123!,Khoa,Vu
2026-03-05 06:44:57,Therapist,phan_thao_ud9z_266,Password123!,Thao,Phan
2026-03-05 06:45:16,Therapist,le_linh_3a76_267,Password123!,Linh,Le
2026-03-05 06:45:36,Client,pham_em_vixh_268,Password123!,Em,Pham
2026-03-05 06:45:54,Therapist,ngo_minh_ny3o_269,Password123!,Minh,Ngo
2026-03-05 06:46:12,Therapist,ly_thao_5uah_270,Password123!,Thao,Ly
2026-03-05 06:46:34,Therapist,ly_hung_jt9x_271,Password123!,Hung,Ly
2026-03-05 06:46:53,Therapist,bui_viet_bp6s_272,Password123!,Viet,Bui
2026-03-05 06:47:10,Client,dang_giang_39wd_273,Password123!,Giang,Dang
2026-03-05 06:47:27,Client,tran_viet_sblk_274,Password123!,Viet,Tran
2026-03-05 06:47:45,Therapist,pham_linh_4czy_275,Password123!,Linh,Pham
2026-03-05 06:48:39,Therapist,ngo_son_fa0y_277,Password123!,Son,Ngo
2026-03-05 06:49:01,Therapist,bui_an_1xhd_278,Password123!,An,Bui
2026-03-05 06:49:15,Client,duong_quang_a40j_279,Password123!,Quang,Duong
2026-03-05 06:49:35,Client,phan_uyen_q357_280,Password123!,Uyen,Phan
2026-03-05 06:49:52,Client,vu_an_1cgj_281,Password123!,An,Vu
2026-03-05 06:50:13,Therapist,nguyen_phuong_4iev_282,Password123!,Phuong,Nguyen
2026-03-05 06:50:35,Therapist,pham_duy_zcni_283,Password123!,Duy,Pham
2026-03-05 06:50:52,Client,vu_minh_c69c_284,Password123!,Minh,Vu
2026-03-05 06:51:12,Therapist,hoang_minh_sfty_285,Password123!,Minh,Hoang
2026-03-05 06:51:29,Client,pham_uyen_jb42_286,Password123!,Uyen,Pham
2026-03-05 06:51:49,Therapist,dang_minh_x2h2_287,Password123!,Minh,Dang
2026-03-05 06:52:07,Therapist,bui_giang_je09_288,Password123!,Giang,Bui
2026-03-05 06:52:26,Therapist,duong_minh_m8vf_289,Password123!,Minh,Duong
2026-03-05 06:52:42,Client,ho_binh_15xs_290,Password123!,Binh,Ho
2026-03-05 06:53:01,Client,dang_uyen_2ih5_291,Password123!,Uyen,Dang
2026-03-05 06:53:21,Client,bui_chi_4er6_292,Password123!,Chi,Bui
2026-03-05 06:53:38,Client,hoang_uyen_g74z_293,Password123!,Uyen,Hoang
2026-03-05 06:53:58,Therapist,phan_uyen_27n2_294,Password123!,Uyen,Phan
2026-03-05 06:54:48,Client,phan_em_u4t5_296,Password123!,Em,Phan
2026-03-05 06:55:09,Client,duong_khoa_v5ww_297,Password123!,Khoa,Duong
2026-03-05 06:55:27,Client,phan_hung_6ix3_298,Password123!,Hung,Phan
2026-03-05 06:55:48,Client,hoang_giang_qzru_299,Password123!,Giang,Hoang
2026-03-05 06:56:05,Client,vu_em_s2xj_300,Password123!,Em,Vu
2026-03-05 06:56:23,Therapist,do_xuan_an6u_301,Password123!,Xuan,Do
2026-03-05 06:56:46,Therapist,hoang_binh_n8ce_302,Password123!,Binh,Hoang
2026-03-05 06:57:05,Therapist,pham_chi_1cw7_303,Password123!,Chi,Pham
2026-03-05 06:57:23,Client,bui_phuong_9lel_304,Password123!,Phuong,Bui
2026-03-05 06:57:40,Client,hoang_viet_hsx0_305,Password123!,Viet,Hoang
2026-03-05 06:57:58,Client,tran_linh_3qyi_306,Password123!,Linh,Tran
2026-03-05 06:58:15,Client,le_yen_7qwt_307,Password123!,Yen,Le
2026-03-05 06:58:35,Therapist,duong_linh_s3af_308,Password123!,Linh,Duong
2026-03-05 06:58:54,Therapist,nguyen_quang_l5fk_309,Password123!,Quang,Nguyen
2026-03-05 06:59:15,Client,pham_son_qfbh_310,Password123!,Son,Pham
2026-03-05 06:59:32,Client,bui_minh_e19h_311,Password123!,Minh,Bui
2026-03-05 06:59:48,Client,ngo_uyen_4eo0_312,Password123!,Uyen,Ngo
2026-03-05 07:00:07,Client,ly_phuong_s9oh_313,Password123!,Phuong,Ly
2026-03-05 07:00:24,Therapist,do_yen_bo97_314,Password123!,Yen,Do
2026-03-05 07:00:43,Therapist,ngo_minh_nf1n_315,Password123!,Minh,Ngo
2026-03-05 07:00:58,Client,le_giang_0zs9_316,Password123!,Giang,Le
2026-03-05 07:01:19,Therapist,bui_thao_9cvr_317,Password123!,Thao,Bui
2026-03-05 07:01:38,Client,hoang_linh_et8u_318,Password123!,Linh,Hoang
2026-03-05 07:01:57,Client,tran_quang_6piu_319,Password123!,Quang,Tran
2026-03-05 07:02:16,Therapist,nguyen_giang_l8rq_320,Password123!,Giang,Nguyen
2026-03-05 07:02:36,Client,nguyen_em_w1hv_321,Password123!,Em,Nguyen
2026-03-05 07:02:54,Client,pham_son_94pk_322,Password123!,Son,Pham
2026-03-05 07:03:12,Therapist,le_quang_wu61_323,Password123!,Quang,Le
2026-03-05 07:03:30,Therapist,tran_khoa_xbba_324,Password123!,Khoa,Tran
2026-03-05 07:03:49,Client,le_nam_ra94_325,Password123!,Nam,Le
2026-03-05 07:04:41,Client,ly_thao_ppyw_327,Password123!,Thao,Ly
2026-03-05 07:04:59,Client,tran_minh_axqb_328,Password123!,Minh,Tran
2026-03-05 07:05:19,Therapist,pham_chi_ttm6_329,Password123!,Chi,Pham
2026-03-05 07:05:37,Client,ly_chi_gi6c_330,Password123!,Chi,Ly
2026-03-05 07:05:54,Client,ngo_quang_570i_331,Password123!,Quang,Ngo
2026-03-05 07:06:14,Client,hoang_nam_xdy8_332,Password123!,Nam,Hoang
2026-03-05 07:06:31,Client,pham_duy_36sv_333,Password123!,Duy,Pham
2026-03-05 07:06:54,Therapist,nguyen_thao_fwvs_334,Password123!,Thao,Nguyen
2026-03-05 07:07:11,Client,phan_nam_mdt1_335,Password123!,Nam,Phan
2026-03-05 07:07:30,Therapist,dang_hung_sv1z_336,Password123!,Hung,Dang
2026-03-05 07:08:23,Therapist,hoang_quang_t27d_338,Password123!,Quang,Hoang
2026-03-05 07:08:41,Therapist,ho_viet_s2fj_339,Password123!,Viet,Ho
2026-03-05 07:09:00,Therapist,bui_giang_nhlb_340,Password123!,Giang,Bui
2026-03-05 07:09:21,Therapist,bui_xuan_1j3k_341,Password123!,Xuan,Bui
2026-03-05 07:09:37,Client,ly_binh_vz69_342,Password123!,Binh,Ly
2026-03-05 07:09:57,Therapist,ngo_minh_q2xr_343,Password123!,Minh,Ngo
2026-03-05 07:10:18,Therapist,ly_em_ikaz_344,Password123!,Em,Ly
2026-03-05 07:10:38,Therapist,phan_chi_nm5k_345,Password123!,Chi,Phan
2026-03-05 07:10:53,Client,ly_yen_bubj_346,Password123!,Yen,Ly
2026-03-05 07:11:10,Therapist,duong_xuan_t1sd_347,Password123!,Xuan,Duong
2026-03-05 07:11:27,Therapist,ho_dung_ve12_348,Password123!,Dung,Ho
2026-03-05 07:11:48,Therapist,do_uyen_onou_349,Password123!,Uyen,Do
2026-03-05 07:12:06,Client,pham_quang_n83s_350,Password123!,Quang,Pham
2026-03-05 07:12:25,Therapist,phan_phuong_cy7d_351,Password123!,Phuong,Phan
2026-03-05 07:13:16,Client,ly_viet_7ono_353,Password123!,Viet,Ly
2026-03-05 07:13:32,Client,bui_linh_8mk0_354,Password123!,Linh,Bui
2026-03-05 07:13:54,Therapist,vu_son_fgdp_355,Password123!,Son,Vu
2026-03-05 07:14:13,Client,ngo_quang_2vcs_356,Password123!,Quang,Ngo
2026-03-05 07:14:31,Client,vu_chi_t2kg_357,Password123!,Chi,Vu
2026-03-05 07:14:52,Therapist,le_thao_wsbd_358,Password123!,Thao,Le
2026-03-05 07:15:09,Client,bui_an_l3ys_359,Password123!,An,Bui
2026-03-05 07:15:29,Therapist,duong_khoa_t2tu_360,Password123!,Khoa,Duong
2026-03-05 07:15:47,Client,nguyen_an_3d61_361,Password123!,An,Nguyen
2026-03-05 07:16:05,Client,nguyen_quang_mt9j_362,Password123!,Quang,Nguyen
2026-03-05 07:16:24,Client,duong_binh_ehno_363,Password123!,Binh,Duong
2026-03-05 07:16:45,Therapist,le_khoa_rdxt_364,Password123!,Khoa,Le
2026-03-05 07:17:04,Therapist,nguyen_phuong_7hij_365,Password123!,Phuong,Nguyen
2026-03-05 07:17:24,Therapist,vu_yen_2o8b_366,Password123!,Yen,Vu
2026-03-05 07:17:40,Client,bui_khoa_0rbe_367,Password123!,Khoa,Bui
2026-03-05 07:18:01,Therapist,do_quang_kih2_368,Password123!,Quang,Do
2026-03-05 07:18:21,Therapist,nguyen_son_tb2t_369,Password123!,Son,Nguyen
2026-03-05 07:18:39,Client,vu_dung_a424_370,Password123!,Dung,Vu
2026-03-05 07:19:01,Therapist,ngo_minh_vkzh_371,Password123!,Minh,Ngo
2026-03-05 07:19:17,Client,bui_linh_4rem_372,Password123!,Linh,Bui
2026-03-05 07:19:37,Therapist,tran_linh_yqz6_373,Password123!,Linh,Tran
2026-03-05 07:19:54,Client,nguyen_viet_z7qb_374,Password123!,Viet,Nguyen
2026-03-05 07:20:14,Therapist,duong_quang_eali_375,Password123!,Quang,Duong
2026-03-05 07:20:33,Therapist,nguyen_yen_inlp_376,Password123!,Yen,Nguyen
2026-03-05 07:20:51,Client,duong_phuong_6nmd_377,Password123!,Phuong,Duong
2026-03-05 07:21:08,Client,vu_khoa_nqav_378,Password123!,Khoa,Vu
2026-03-05 07:21:26,Client,le_son_feeo_379,Password123!,Son,Le
2026-03-05 07:21:44,Client,tran_uyen_tpi5_380,Password123!,Uyen,Tran
2026-03-05 07:22:04,Therapist,duong_quang_ua78_381,Password123!,Quang,Duong
2026-03-05 07:22:20,Client,hoang_phuong_gdg3_382,Password123!,Phuong,Hoang
2026-03-05 07:22:38,Therapist,bui_minh_a5rv_383,Password123!,Minh,Bui
2026-03-05 07:22:59,Therapist,hoang_minh_vz9b_384,Password123!,Minh,Hoang
2026-03-05 07:23:55,Therapist,ngo_chi_n6hn_386,Password123!,Chi,Ngo
2026-03-05 07:24:16,Therapist,tran_yen_n7sr_387,Password123!,Yen,Tran
2026-03-05 07:24:31,Client,ly_viet_ksdz_388,Password123!,Viet,Ly
2026-03-05 07:24:50,Therapist,hoang_xuan_oufl_389,Password123!,Xuan,Hoang
2026-03-05 07:25:07,Client,ly_son_556l_390,Password123!,Son,Ly
2026-03-05 07:25:26,Client,nguyen_minh_g29w_391,Password123!,Minh,Nguyen
2026-03-05 07:25:43,Client,hoang_phuong_8qiv_392,Password123!,Phuong,Hoang
2026-03-05 07:26:00,Client,do_chi_ueuj_393,Password123!,Chi,Do
2026-03-05 07:26:17,Therapist,ly_son_vr4x_394,Password123!,Son,Ly
2026-03-05 07:26:40,Therapist,ly_an_uibw_395,Password123!,An,Ly
2026-03-05 07:27:00,Therapist,phan_an_1vcz_396,Password123!,An,Phan
2026-03-05 07:27:17,Client,le_binh_4u18_397,Password123!,Binh,Le
2026-03-05 07:27:37,Client,bui_duy_19ai_398,Password123!,Duy,Bui
2026-03-05 07:27:58,Therapist,le_nam_pcoe_399,Password123!,Nam,Le
2026-03-05 07:28:15,Client,ho_viet_3sh6_400,Password123!,Viet,Ho
2026-03-05 07:28:33,Client,ly_viet_fxkb_401,Password123!,Viet,Ly
2026-03-05 07:28:56,Therapist,nguyen_an_xusx_402,Password123!,An,Nguyen
2026-03-05 07:29:18,Therapist,ly_xuan_4pft_403,Password123!,Xuan,Ly
2026-03-05 07:29:38,Client,ho_quang_xrwz_404,Password123!,Quang,Ho
2026-03-05 07:29:57,Therapist,bui_yen_cdze_405,Password123!,Yen,Bui
2026-03-05 07:30:17,Therapist,pham_phuong_vw0k_406,Password123!,Phuong,Pham
2026-03-05 07:31:12,Therapist,bui_quang_qgw6_408,Password123!,Quang,Bui
2026-03-05 07:31:32,Therapist,ho_thao_051t_409,Password123!,Thao,Ho
2026-03-05 07:31:50,Client,tran_viet_dkdf_410,Password123!,Viet,Tran
2026-03-05 07:32:08,Therapist,phan_chi_3npw_411,Password123!,Chi,Phan
2026-03-05 07:32:28,Client,vu_son_s7sa_412,Password123!,Son,Vu
2026-03-05 07:32:49,Therapist,dang_phuong_20ug_413,Password123!,Phuong,Dang
2026-03-05 07:33:13,Therapist,nguyen_son_6q72_414,Password123!,Son,Nguyen
2026-03-05 07:33:34,Therapist,do_nam_l5gi_415,Password123!,Nam,Do
2026-03-05 07:33:55,Client,nguyen_chi_3jd9_416,Password123!,Chi,Nguyen
2026-03-05 07:34:16,Therapist,bui_nam_1bgj_417,Password123!,Nam,Bui
2026-03-05 07:34:33,Client,vu_em_6xtc_418,Password123!,Em,Vu
2026-03-05 07:34:52,Client,ho_an_xrks_419,Password123!,An,Ho
2026-03-05 07:35:11,Client,ngo_quang_otjn_420,Password123!,Quang,Ngo
2026-03-05 07:35:31,Client,ly_phuong_59h6_421,Password123!,Phuong,Ly
2026-03-05 07:35:50,Therapist,nguyen_xuan_huor_422,Password123!,Xuan,Nguyen
2026-03-05 07:36:08,Client,le_uyen_1xmq_423,Password123!,Uyen,Le
2026-03-05 07:36:24,Client,do_hung_x50w_424,Password123!,Hung,Do
2026-03-05 07:36:44,Client,hoang_viet_tik5_425,Password123!,Viet,Hoang
2026-03-05 07:36:59,Client,vu_minh_ua6m_426,Password123!,Minh,Vu
2026-03-05 07:37:18,Client,dang_an_4sxp_427,Password123!,An,Dang
2026-03-05 07:37:38,Therapist,bui_giang_0z0h_428,Password123!,Giang,Bui
2026-03-05 07:37:59,Therapist,do_khoa_a7g6_429,Password123!,Khoa,Do
2026-03-05 07:38:20,Client,duong_xuan_ozzt_430,Password123!,Xuan,Duong
2026-03-05 07:38:39,Therapist,do_giang_hvn4_431,Password123!,Giang,Do
2026-03-05 07:38:57,Client,bui_hung_hga4_432,Password123!,Hung,Bui
2026-03-05 07:39:19,Therapist,le_hung_bgmc_433,Password123!,Hung,Le
2026-03-05 07:39:40,Therapist,le_binh_b4bt_434,Password123!,Binh,Le
2026-03-05 07:40:00,Therapist,phan_son_i148_435,Password123!,Son,Phan
2026-03-05 07:40:20,Therapist,phan_son_0f8r_436,Password123!,Son,Phan
2026-03-05 07:41:14,Therapist,hoang_nam_aeus_438,Password123!,Nam,Hoang
2026-03-05 07:42:07,Client,ly_phuong_lbvd_440,Password123!,Phuong,Ly
2026-03-05 07:42:29,Therapist,do_thao_s695_441,Password123!,Thao,Do
2026-03-05 07:42:45,Client,le_chi_yuls_442,Password123!,Chi,Le
2026-03-05 07:43:07,Therapist,phan_phuong_65tn_443,Password123!,Phuong,Phan
2026-03-05 07:43:31,Therapist,tran_dung_wpaw_444,Password123!,Dung,Tran
2026-03-05 07:43:49,Client,duong_quang_7rki_445,Password123!,Quang,Duong
2026-03-05 07:44:09,Therapist,nguyen_minh_3sv1_446,Password123!,Minh,Nguyen
2026-03-05 07:44:28,Client,tran_xuan_0osv_447,Password123!,Xuan,Tran
2026-03-05 07:44:49,Therapist,bui_son_ggfk_448,Password123!,Son,Bui
2026-03-05 07:45:10,Therapist,nguyen_son_fufa_449,Password123!,Son,Nguyen
2026-03-05 07:45:33,Therapist,ngo_son_0cgg_450,Password123!,Son,Ngo
2026-03-05 07:45:54,Client,vu_khoa_8l71_451,Password123!,Khoa,Vu
2026-03-05 07:46:15,Therapist,ngo_phuong_1g86_452,Password123!,Phuong,Ngo
2026-03-05 07:46:38,Therapist,duong_an_kpfd_453,Password123!,An,Duong
2026-03-05 07:47:00,Therapist,do_thao_k8pj_454,Password123!,Thao,Do
2026-03-05 07:47:21,Client,phan_yen_n3dh_455,Password123!,Yen,Phan
2026-03-05 07:47:38,Client,hoang_khoa_k5wi_456,Password123!,Khoa,Hoang
2026-03-05 07:47:59,Therapist,phan_an_d1fj_457,Password123!,An,Phan
2026-03-05 07:48:17,Client,do_nam_6gla_458,Password123!,Nam,Do
2026-03-05 07:48:34,Client,vu_an_aha6_459,Password123!,An,Vu
2026-03-05 07:48:52,Therapist,nguyen_thao_tcec_460,Password123!,Thao,Nguyen
2026-03-05 07:49:10,Client,tran_uyen_4a0l_461,Password123!,Uyen,Tran
2026-03-05 07:49:31,Therapist,pham_yen_medy_462,Password123!,Yen,Pham
2026-03-05 07:49:51,Therapist,pham_minh_zqs9_463,Password123!,Minh,Pham
2026-03-05 07:50:13,Therapist,ho_linh_m314_464,Password123!,Linh,Ho
2026-03-05 07:50:33,Client,ngo_uyen_zzh1_465,Password123!,Uyen,Ngo
2026-03-05 07:50:53,Therapist,do_quang_eptx_466,Password123!,Quang,Do
2026-03-05 07:51:14,Therapist,nguyen_chi_jxnx_467,Password123!,Chi,Nguyen
2026-03-05 07:51:34,Client,ngo_minh_eokq_468,Password123!,Minh,Ngo
2026-03-05 07:51:49,Client,nguyen_xuan_p23t_469,Password123!,Xuan,Nguyen
2026-03-05 07:52:07,Client,pham_phuong_xyot_470,Password123!,Phuong,Pham
2026-03-05 07:52:30,Therapist,phan_duy_eqfv_471,Password123!,Duy,Phan
2026-03-05 07:52:50,Therapist,le_khoa_jre9_472,Password123!,Khoa,Le
2026-03-05 07:53:13,Therapist,nguyen_chi_dova_473,Password123!,Chi,Nguyen
2026-03-05 07:53:29,Client,nguyen_binh_uhnd_474,Password123!,Binh,Nguyen
2026-03-05 07:54:26,Client,tran_minh_18c7_476,Password123!,Minh,Tran
2026-03-05 07:54:49,Therapist,tran_giang_qi5n_477,Password123!,Giang,Tran
2026-03-05 07:55:11,Therapist,bui_xuan_0023_478,Password123!,Xuan,Bui
2026-03-05 07:55:30,Therapist,ho_an_csg8_479,Password123!,An,Ho
2026-03-05 07:55:49,Client,hoang_thao_liei_480,Password123!,Thao,Hoang
2026-03-05 07:56:11,Therapist,vu_son_kvnh_481,Password123!,Son,Vu
2026-03-05 07:56:28,Client,duong_nam_lty4_482,Password123!,Nam,Duong
2026-03-05 07:56:49,Therapist,vu_hung_ds09_483,Password123!,Hung,Vu
2026-03-05 07:57:08,Therapist,le_xuan_tl7p_484,Password123!,Xuan,Le
2026-03-05 07:57:29,Therapist,phan_nam_jryl_485,Password123!,Nam,Phan
2026-03-05 07:57:48,Therapist,dang_linh_pzmw_486,Password123!,Linh,Dang
2026-03-05 07:58:07,Client,hoang_binh_yvl4_487,Password123!,Binh,Hoang
2026-03-05 07:58:28,Therapist,pham_uyen_mvgu_488,Password123!,Uyen,Pham
2026-03-05 07:58:49,Therapist,tran_viet_avp5_489,Password123!,Viet,Tran
2026-03-05 07:59:10,Therapist,nguyen_uyen_3ukp_490,Password123!,Uyen,Nguyen
2026-03-05 07:59:30,Therapist,tran_linh_2ija_491,Password123!,Linh,Tran
2026-03-05 07:59:52,Therapist,vu_duy_6n5i_492,Password123!,Duy,Vu
2026-03-05 08:00:14,Therapist,ly_giang_d4si_493,Password123!,Giang,Ly
2026-03-05 08:01:11,Therapist,ly_linh_lu1f_495,Password123!,Linh,Ly
2026-03-05 08:01:27,Client,nguyen_hung_gjql_496,Password123!,Hung,Nguyen
2026-03-05 08:01:47,Therapist,phan_khoa_x3rk_497,Password123!,Khoa,Phan
2026-03-05 08:02:05,Client,duong_minh_6igp_498,Password123!,Minh,Duong
2026-03-05 08:02:23,Client,ly_viet_pj9a_499,Password123!,Viet,Ly
2026-03-05 08:02:43,Therapist,phan_em_wz0g_500,Password123!,Em,Phan
2026-03-05 08:03:01,Therapist,phan_viet_6t1k_501,Password123!,Viet,Phan
2026-03-05 08:03:19,Client,nguyen_xuan_uq05_502,Password123!,Xuan,Nguyen
2026-03-05 08:03:37,Therapist,le_xuan_5cy1_503,Password123!,Xuan,Le
2026-03-05 08:03:53,Client,vu_em_fcxi_504,Password123!,Em,Vu
2026-03-05 08:04:13,Therapist,pham_khoa_hpic_505,Password123!,Khoa,Pham
2026-03-05 08:04:31,Client,ngo_quang_2rai_506,Password123!,Quang,Ngo
2026-03-05 08:05:28,Client,duong_son_5d0c_508,Password123!,Son,Duong
2026-03-05 08:05:45,Client,nguyen_duy_hfg4_509,Password123!,Duy,Nguyen
2026-03-05 08:06:08,Therapist,tran_duy_n68j_510,Password123!,Duy,Tran
2026-03-05 08:06:28,Client,nguyen_em_yupb_511,Password123!,Em,Nguyen
2026-03-05 08:06:47,Client,hoang_hung_yjbc_512,Password123!,Hung,Hoang
2026-03-05 08:07:04,Client,tran_khoa_f3lk_513,Password123!,Khoa,Tran
2026-03-05 08:07:23,Therapist,hoang_minh_2wmw_514,Password123!,Minh,Hoang
2026-03-05 08:07:37,Client,bui_quang_ti61_515,Password123!,Quang,Bui
2026-03-05 08:07:53,Client,duong_yen_xcgx_516,Password123!,Yen,Duong
2026-03-05 08:08:16,Therapist,nguyen_son_m8tr_517,Password123!,Son,Nguyen
2026-03-05 08:08:31,Client,phan_khoa_oigx_518,Password123!,Khoa,Phan
2026-03-05 08:08:52,Client,nguyen_giang_566j_519,Password123!,Giang,Nguyen
2026-03-05 08:09:10,Client,le_quang_e0fv_520,Password123!,Quang,Le
2026-03-05 08:09:28,Client,dang_khoa_o7mh_521,Password123!,Khoa,Dang
2026-03-05 08:09:45,Client,vu_giang_b7f1_522,Password123!,Giang,Vu
2026-03-05 08:10:04,Client,duong_minh_l651_523,Password123!,Minh,Duong
2026-03-05 08:10:24,Client,do_binh_m2hu_524,Password123!,Binh,Do
2026-03-05 08:10:39,Client,le_nam_tmo0_525,Password123!,Nam,Le
2026-03-05 08:10:59,Therapist,tran_an_4n5z_526,Password123!,An,Tran
2026-03-05 08:11:18,Client,tran_phuong_izkb_527,Password123!,Phuong,Tran
2026-03-05 08:11:41,Therapist,le_dung_apdd_528,Password123!,Dung,Le
2026-03-05 08:12:02,Therapist,nguyen_em_26fg_529,Password123!,Em,Nguyen
2026-03-05 08:12:21,Client,ly_xuan_9lwn_530,Password123!,Xuan,Ly
2026-03-05 08:12:40,Client,duong_dung_6lmx_531,Password123!,Dung,Duong
2026-03-05 08:13:33,Client,tran_minh_1w3b_533,Password123!,Minh,Tran
2026-03-05 08:13:54,Therapist,hoang_son_hjnl_534,Password123!,Son,Hoang
2026-03-05 08:14:15,Therapist,ho_phuong_f18s_535,Password123!,Phuong,Ho
2026-03-05 08:14:33,Client,pham_quang_tpyw_536,Password123!,Quang,Pham
2026-03-05 08:14:49,Client,hoang_duy_rsgw_537,Password123!,Duy,Hoang
2026-03-05 08:15:07,Client,bui_hung_pn3o_538,Password123!,Hung,Bui
2026-03-05 08:15:25,Client,vu_binh_zh2u_539,Password123!,Binh,Vu
2026-03-05 08:15:44,Client,bui_giang_x4c4_540,Password123!,Giang,Bui
2026-03-05 08:16:02,Client,do_an_4mmp_541,Password123!,An,Do
2026-03-05 08:16:25,Therapist,tran_thao_v6d2_542,Password123!,Thao,Tran
2026-03-05 08:16:43,Client,phan_chi_rwii_543,Password123!,Chi,Phan
2026-03-05 08:17:00,Client,ly_giang_nh3d_544,Password123!,Giang,Ly
2026-03-05 08:17:21,Therapist,le_duy_y52w_545,Password123!,Duy,Le
2026-03-05 08:17:41,Therapist,pham_uyen_rpgu_546,Password123!,Uyen,Pham
2026-03-05 08:18:01,Therapist,ngo_phuong_gixt_547,Password123!,Phuong,Ngo
2026-03-05 08:18:22,Therapist,do_uyen_dyqe_548,Password123!,Uyen,Do
2026-03-05 08:18:37,Client,do_viet_zerm_549,Password123!,Viet,Do
2026-03-05 08:18:55,Client,do_hung_1wml_550,Password123!,Hung,Do
2026-03-05 08:19:14,Client,tran_uyen_39gq_551,Password123!,Uyen,Tran
2026-03-05 08:19:33,Client,do_chi_714m_552,Password123!,Chi,Do
2026-03-05 08:19:51,Client,le_yen_qnn2_553,Password123!,Yen,Le
2026-03-05 08:20:12,Therapist,nguyen_phuong_bz6t_554,Password123!,Phuong,Nguyen
2026-03-05 08:20:27,Client,bui_yen_qtr6_555,Password123!,Yen,Bui
2026-03-05 08:20:44,Therapist,hoang_phuong_1mbv_556,Password123!,Phuong,Hoang
2026-03-05 08:21:07,Therapist,ho_an_3yvo_557,Password123!,An,Ho
2026-03-05 08:21:25,Client,hoang_yen_pz5p_558,Password123!,Yen,Hoang
2026-03-05 08:21:47,Therapist,phan_yen_9f81_559,Password123!,Yen,Phan
2026-03-05 08:22:08,Therapist,le_minh_u0rk_560,Password123!,Minh,Le
2026-03-05 08:22:29,Therapist,bui_dung_8xgo_561,Password123!,Dung,Bui
2026-03-05 08:22:48,Therapist,vu_xuan_egl5_562,Password123!,Xuan,Vu
2026-03-05 08:23:04,Client,pham_son_vnek_563,Password123!,Son,Pham
2026-03-05 08:23:22,Client,dang_giang_18px_564,Password123!,Giang,Dang
2026-03-05 08:23:40,Client,do_chi_57b9_565,Password123!,Chi,Do
2026-03-05 08:23:56,Client,vu_minh_1x41_566,Password123!,Minh,Vu
2026-03-05 08:24:15,Client,dang_minh_8jcy_567,Password123!,Minh,Dang
2026-03-05 08:24:34,Client,phan_nam_r3b3_568,Password123!,Nam,Phan
2026-03-05 08:24:53,Therapist,ho_uyen_ztms_569,Password123!,Uyen,Ho
2026-03-05 08:25:51,Therapist,dang_duy_imhy_571,Password123!,Duy,Dang
2026-03-05 08:26:09,Client,do_thao_zatf_572,Password123!,Thao,Do
2026-03-05 08:26:29,Client,pham_chi_mbjw_573,Password123!,Chi,Pham
2026-03-05 08:26:46,Therapist,dang_an_kow9_574,Password123!,An,Dang
2026-03-05 08:27:03,Client,tran_thao_5jzc_575,Password123!,Thao,Tran
2026-03-05 08:27:21,Therapist,ho_xuan_x7tm_576,Password123!,Xuan,Ho
2026-03-05 08:27:38,Client,phan_yen_tnxy_577,Password123!,Yen,Phan
2026-03-05 08:27:54,Client,ngo_uyen_tjer_578,Password123!,Uyen,Ngo
2026-03-05 08:28:16,Therapist,phan_khoa_exm5_579,Password123!,Khoa,Phan
2026-03-05 08:28:35,Client,bui_thao_s92c_580,Password123!,Thao,Bui
2026-03-05 08:28:59,Therapist,dang_thao_zgyc_581,Password123!,Thao,Dang
2026-03-05 08:29:20,Therapist,nguyen_uyen_96hu_582,Password123!,Uyen,Nguyen
2026-03-05 08:29:43,Therapist,do_thao_itx8_583,Password123!,Thao,Do
2026-03-05 08:30:04,Therapist,do_quang_lcx5_584,Password123!,Quang,Do
2026-03-05 08:30:25,Therapist,dang_an_fw86_585,Password123!,An,Dang
2026-03-05 08:30:48,Therapist,le_xuan_5582_586,Password123!,Xuan,Le
2026-03-05 08:31:10,Therapist,phan_hung_yi88_587,Password123!,Hung,Phan
2026-03-05 08:31:28,Therapist,tran_yen_qd5o_588,Password123!,Yen,Tran
2026-03-05 08:31:48,Client,tran_duy_ne67_589,Password123!,Duy,Tran
2026-03-05 08:32:08,Therapist,tran_viet_upxk_590,Password123!,Viet,Tran
2026-03-05 08:32:27,Client,hoang_yen_qvv9_591,Password123!,Yen,Hoang
2026-03-05 08:32:47,Therapist,dang_chi_y39a_592,Password123!,Chi,Dang
2026-03-05 08:33:04,Client,ngo_thao_y7l3_593,Password123!,Thao,Ngo
2026-03-05 08:33:23,Therapist,le_thao_15nz_594,Password123!,Thao,Le
2026-03-05 08:33:45,Therapist,tran_an_elwn_595,Password123!,An,Tran
2026-03-05 08:34:42,Therapist,hoang_khoa_xrqs_597,Password123!,Khoa,Hoang
2026-03-05 08:35:05,Therapist,le_uyen_pn06_598,Password123!,Uyen,Le
2026-03-05 08:35:21,Client,nguyen_dung_nbu5_599,Password123!,Dung,Nguyen
2026-03-05 08:35:40,Client,le_chi_9ahk_600,Password123!,Chi,Le
2026-03-05 08:35:58,Client,hoang_giang_tdy7_601,Password123!,Giang,Hoang
2026-03-05 08:36:18,Client,ho_duy_pahs_602,Password123!,Duy,Ho
2026-03-05 08:36:38,Therapist,hoang_linh_sune_603,Password123!,Linh,Hoang
2026-03-05 08:36:56,Client,phan_phuong_i0kw_604,Password123!,Phuong,Phan
2026-03-05 08:37:19,Therapist,nguyen_binh_dmcb_605,Password123!,Binh,Nguyen
2026-03-05 08:37:37,Therapist,hoang_phuong_xt1g_606,Password123!,Phuong,Hoang
2026-03-05 08:37:55,Client,ngo_dung_qtve_607,Password123!,Dung,Ngo
2026-03-05 08:38:15,Therapist,ho_uyen_o774_608,Password123!,Uyen,Ho
2026-03-05 08:38:39,Therapist,vu_em_yn05_609,Password123!,Em,Vu
2026-03-05 08:38:59,Client,tran_binh_q8ie_610,Password123!,Binh,Tran
2026-03-05 08:39:19,Therapist,hoang_phuong_movg_611,Password123!,Phuong,Hoang
2026-03-05 08:39:37,Client,ngo_son_9meb_612,Password123!,Son,Ngo
2026-03-05 08:39:59,Therapist,tran_giang_bhvr_613,Password123!,Giang,Tran
2026-03-05 08:40:21,Therapist,ho_uyen_iny3_614,Password123!,Uyen,Ho
2026-03-05 08:40:41,Client,vu_linh_i3xd_615,Password123!,Linh,Vu
2026-03-05 08:41:34,Therapist,duong_giang_gwyg_617,Password123!,Giang,Duong
2026-03-05 08:41:53,Therapist,vu_son_htzc_618,Password123!,Son,Vu
2026-03-05 08:42:48,Therapist,pham_linh_sm4s_620,Password123!,Linh,Pham
2026-03-05 08:43:03,Client,tran_phuong_l1x4_621,Password123!,Phuong,Tran
2026-03-05 08:43:20,Client,duong_duy_i5ah_622,Password123!,Duy,Duong
2026-03-05 08:43:42,Therapist,pham_hung_afqx_623,Password123!,Hung,Pham
2026-03-05 08:44:35,Client,phan_viet_sbte_625,Password123!,Viet,Phan
2026-03-05 08:44:54,Client,ho_an_xk2n_626,Password123!,An,Ho
2026-03-05 08:45:17,Therapist,pham_giang_sibr_627,Password123!,Giang,Pham
2026-03-05 08:45:34,Therapist,dang_chi_dcp6_628,Password123!,Chi,Dang
2026-03-05 08:45:52,Client,duong_dung_3xgw_629,Password123!,Dung,Duong
2026-03-05 08:46:14,Therapist,dang_duy_o3oa_630,Password123!,Duy,Dang
2026-03-05 08:46:33,Therapist,vu_uyen_0b75_631,Password123!,Uyen,Vu
2026-03-05 08:46:55,Therapist,ngo_duy_74x1_632,Password123!,Duy,Ngo
2026-03-05 08:47:14,Therapist,tran_thao_1qfh_633,Password123!,Thao,Tran
2026-03-05 08:47:33,Client,ngo_son_pfh0_634,Password123!,Son,Ngo
2026-03-05 08:47:48,Client,hoang_uyen_6ri3_635,Password123!,Uyen,Hoang
2026-03-05 08:48:07,Client,ho_minh_573z_636,Password123!,Minh,Ho
2026-03-05 08:48:25,Client,tran_linh_01wm_637,Password123!,Linh,Tran
2026-03-05 08:48:45,Therapist,nguyen_phuong_4ivl_638,Password123!,Phuong,Nguyen
2026-03-05 08:49:02,Client,ngo_hung_w4o4_639,Password123!,Hung,Ngo
2026-03-05 08:49:21,Therapist,ly_yen_cpw8_640,Password123!,Yen,Ly
2026-03-05 08:49:42,Therapist,bui_quang_gygx_641,Password123!,Quang,Bui
2026-03-05 08:50:00,Therapist,vu_em_8m9x_642,Password123!,Em,Vu
2026-03-05 08:50:21,Therapist,ly_viet_rilq_643,Password123!,Viet,Ly
2026-03-05 08:50:36,Client,vu_uyen_p11c_644,Password123!,Uyen,Vu
2026-03-05 08:50:56,Client,tran_uyen_kbyr_645,Password123!,Uyen,Tran
2026-03-05 08:51:16,Therapist,dang_quang_gjm9_646,Password123!,Quang,Dang
2026-03-05 08:51:39,Therapist,phan_hung_n0at_647,Password123!,Hung,Phan
2026-03-05 08:52:00,Therapist,le_chi_jz0k_648,Password123!,Chi,Le
2026-03-05 08:52:22,Therapist,le_duy_h7nv_649,Password123!,Duy,Le
2026-03-05 08:52:41,Client,ly_giang_m5h1_650,Password123!,Giang,Ly
2026-03-05 08:53:37,Client,tran_hung_c7t0_652,Password123!,Hung,Tran
2026-03-05 08:54:34,Therapist,vu_yen_0c1c_654,Password123!,Yen,Vu
2026-03-05 08:54:51,Client,bui_quang_fhs8_655,Password123!,Quang,Bui
2026-03-05 08:55:09,Client,pham_minh_6jpw_656,Password123!,Minh,Pham
2026-03-05 08:55:30,Therapist,dang_duy_jdz1_657,Password123!,Duy,Dang
2026-03-05 08:55:51,Client,duong_duy_4p3e_658,Password123!,Duy,Duong
2026-03-05 08:56:09,Therapist,pham_dung_r7af_659,Password123!,Dung,Pham
2026-03-05 08:56:28,Therapist,do_nam_f7hd_660,Password123!,Nam,Do
2026-03-05 08:56:46,Client,tran_son_hp6l_661,Password123!,Son,Tran
2026-03-05 08:57:08,Therapist,do_xuan_pqjn_662,Password123!,Xuan,Do
2026-03-05 08:57:30,Therapist,duong_khoa_z2nt_663,Password123!,Khoa,Duong
2026-03-05 08:57:47,Client,phan_viet_xtzy_664,Password123!,Viet,Phan
2026-03-05 08:58:08,Client,ly_khoa_klhi_665,Password123!,Khoa,Ly
2026-03-05 08:58:26,Therapist,duong_duy_4w4p_666,Password123!,Duy,Duong
2026-03-05 08:58:47,Therapist,dang_binh_3ttn_667,Password123!,Binh,Dang
2026-03-05 08:59:10,Therapist,bui_nam_xu8w_668,Password123!,Nam,Bui
2026-03-05 08:59:33,Therapist,duong_quang_vm7u_669,Password123!,Quang,Duong
2026-03-05 09:00:25,Client,dang_phuong_ollv_671,Password123!,Phuong,Dang
2026-03-05 09:00:44,Client,phan_linh_8woo_672,Password123!,Linh,Phan
2026-03-05 09:01:03,Client,dang_khoa_8rx7_673,Password123!,Khoa,Dang
2026-03-05 09:01:23,Therapist,bui_hung_xwix_674,Password123!,Hung,Bui
2026-03-05 09:01:45,Therapist,pham_phuong_oejq_675,Password123!,Phuong,Pham
2026-03-05 09:02:06,Client,duong_nam_df8g_676,Password123!,Nam,Duong
2026-03-05 09:02:25,Client,vu_giang_ttih_677,Password123!,Giang,Vu
2026-03-05 09:02:47,Therapist,ly_khoa_g078_678,Password123!,Khoa,Ly
2026-03-05 09:03:41,Client,ly_uyen_8oy7_680,Password123!,Uyen,Ly
2026-03-05 09:04:01,Therapist,dang_an_w4rx_681,Password123!,An,Dang
2026-03-05 09:04:21,Client,hoang_uyen_uud2_682,Password123!,Uyen,Hoang
2026-03-05 09:04:43,Therapist,phan_viet_dnwd_683,Password123!,Viet,Phan
2026-03-05 09:05:06,Therapist,le_an_ycfv_684,Password123!,An,Le
2026-03-05 09:05:22,Client,ho_binh_1imi_685,Password123!,Binh,Ho
2026-03-05 09:05:44,Therapist,do_quang_4f0q_686,Password123!,Quang,Do
2026-03-05 09:06:02,Client,tran_son_a2d3_687,Password123!,Son,Tran
2026-03-05 09:06:21,Client,phan_chi_wgu1_688,Password123!,Chi,Phan
2026-03-05 09:06:39,Therapist,bui_quang_7quf_689,Password123!,Quang,Bui
2026-03-05 09:06:59,Therapist,duong_quang_gdtl_690,Password123!,Quang,Duong
2026-03-05 09:07:53,Therapist,pham_xuan_pzkz_692,Password123!,Xuan,Pham
2026-03-05 09:08:14,Therapist,vu_duy_fsvd_693,Password123!,Duy,Vu
2026-03-05 09:08:33,Client,do_binh_zk3t_694,Password123!,Binh,Do
2026-03-05 09:08:52,Therapist,ho_linh_g6x1_695,Password123!,Linh,Ho
2026-03-05 09:09:12,Client,vu_hung_0lkp_696,Password123!,Hung,Vu
2026-03-05 09:09:33,Therapist,dang_hung_048e_697,Password123!,Hung,Dang
2026-03-05 09:09:56,Therapist,dang_viet_u2q3_698,Password123!,Viet,Dang
2026-03-05 09:10:15,Client,nguyen_yen_x8nb_699,Password123!,Yen,Nguyen
2026-03-05 09:10:37,Therapist,pham_binh_vd3t_700,Password123!,Binh,Pham
2026-03-05 09:11:00,Therapist,ngo_dung_3vbe_701,Password123!,Dung,Ngo
2026-03-05 09:11:22,Therapist,nguyen_yen_4hae_702,Password123!,Yen,Nguyen
2026-03-05 09:11:44,Therapist,ngo_em_pdkd_703,Password123!,Em,Ngo
2026-03-05 09:12:03,Client,dang_dung_yvcu_704,Password123!,Dung,Dang
2026-03-05 09:12:22,Client,ngo_uyen_qwpu_705,Password123!,Uyen,Ngo
2026-03-05 09:12:41,Therapist,dang_uyen_4gto_706,Password123!,Uyen,Dang
2026-03-05 09:12:57,Client,nguyen_an_pyi1_707,Password123!,An,Nguyen
2026-03-05 09:13:13,Client,vu_uyen_jvrh_708,Password123!,Uyen,Vu
2026-03-05 09:13:31,Client,vu_xuan_z7fq_709,Password123!,Xuan,Vu
2026-03-05 09:13:47,Client,phan_binh_8ztp_710,Password123!,Binh,Phan
2026-03-05 09:14:08,Therapist,tran_uyen_ga7z_711,Password123!,Uyen,Tran
2026-03-05 09:14:27,Client,duong_khoa_m59v_712,Password123!,Khoa,Duong
2026-03-05 09:14:49,Therapist,vu_son_8qkm_713,Password123!,Son,Vu
2026-03-05 09:15:08,Client,nguyen_dung_vlht_714,Password123!,Dung,Nguyen
2026-03-05 09:15:26,Therapist,le_em_ad9t_715,Password123!,Em,Le
2026-03-05 09:15:43,Client,dang_phuong_gomi_716,Password123!,Phuong,Dang
2026-03-05 09:16:02,Client,hoang_phuong_mrla_717,Password123!,Phuong,Hoang
2026-03-05 09:16:20,Client,do_em_6ibs_718,Password123!,Em,Do
2026-03-05 09:16:40,Therapist,duong_thao_x07j_719,Password123!,Thao,Duong
2026-03-05 09:17:00,Client,duong_thao_ndno_720,Password123!,Thao,Duong
2026-03-05 09:17:19,Therapist,tran_uyen_vyj9_721,Password123!,Uyen,Tran
2026-03-05 09:17:40,Therapist,bui_son_uwtq_722,Password123!,Son,Bui
2026-03-05 09:18:00,Therapist,phan_linh_iizl_723,Password123!,Linh,Phan
2026-03-05 09:18:20,Therapist,nguyen_dung_nbhd_724,Password123!,Dung,Nguyen
2026-03-05 09:18:39,Client,hoang_viet_jdti_725,Password123!,Viet,Hoang
2026-03-05 09:18:57,Client,bui_quang_dp4x_726,Password123!,Quang,Bui
2026-03-05 09:19:50,Client,dang_giang_p78n_728,Password123!,Giang,Dang
2026-03-05 09:20:10,Therapist,dang_giang_ikda_729,Password123!,Giang,Dang
2026-03-05 09:20:35,Therapist,nguyen_khoa_tm6p_730,Password123!,Khoa,Nguyen
2026-03-05 09:20:53,Client,dang_xuan_brde_731,Password123!,Xuan,Dang
2026-03-05 09:21:13,Therapist,phan_xuan_z2va_732,Password123!,Xuan,Phan
2026-03-05 09:21:32,Client,ngo_duy_nuqt_733,Password123!,Duy,Ngo
2026-03-05 09:21:52,Therapist,pham_quang_sua5_734,Password123!,Quang,Pham
2026-03-05 09:22:09,Therapist,duong_viet_u506_735,Password123!,Viet,Duong
2026-03-05 09:22:29,Client,ho_hung_9fxp_736,Password123!,Hung,Ho
2026-03-05 09:22:50,Therapist,ly_hung_coag_737,Password123!,Hung,Ly
2026-03-05 09:23:10,Therapist,le_xuan_yc3g_738,Password123!,Xuan,Le
2026-03-05 09:23:31,Therapist,duong_duy_rfi2_739,Password123!,Duy,Duong
2026-03-05 09:23:53,Therapist,le_xuan_vlaq_740,Password123!,Xuan,Le
2026-03-05 09:24:14,Therapist,tran_nam_teab_741,Password123!,Nam,Tran
2026-03-05 09:24:33,Client,hoang_viet_5xcb_742,Password123!,Viet,Hoang
2026-03-05 09:24:50,Therapist,ngo_binh_zv1f_743,Password123!,Binh,Ngo
2026-03-05 09:25:06,Client,bui_an_ibtk_744,Password123!,An,Bui
2026-03-05 09:25:22,Client,ngo_giang_u17r_745,Password123!,Giang,Ngo
2026-03-05 09:26:16,Therapist,ly_hung_e4s1_747,Password123!,Hung,Ly
2026-03-05 09:26:38,Therapist,ho_minh_x0as_748,Password123!,Minh,Ho
2026-03-05 09:27:00,Therapist,ho_phuong_9vf8_749,Password123!,Phuong,Ho
2026-03-05 09:27:20,Therapist,le_giang_c6vm_750,Password123!,Giang,Le
2026-03-05 09:27:40,Client,le_viet_43gd_751,Password123!,Viet,Le
2026-03-05 09:28:01,Client,vu_khoa_szkv_752,Password123!,Khoa,Vu
2026-03-05 09:28:20,Client,ho_khoa_zhpe_753,Password123!,Khoa,Ho
2026-03-05 09:28:39,Client,dang_minh_4csi_754,Password123!,Minh,Dang
2026-03-05 09:28:58,Client,do_binh_yuu3_755,Password123!,Binh,Do
2026-03-05 09:29:21,Therapist,dang_son_a4yn_756,Password123!,Son,Dang
2026-03-05 09:29:40,Client,nguyen_hung_g1x3_757,Password123!,Hung,Nguyen
2026-03-05 09:30:00,Client,ngo_son_dzz4_758,Password123!,Son,Ngo
2026-03-05 09:30:54,Client,do_binh_ziq9_760,Password123!,Binh,Do
2026-03-05 09:31:14,Therapist,bui_phuong_n6y9_761,Password123!,Phuong,Bui
2026-03-05 09:31:35,Client,dang_dung_69mh_762,Password123!,Dung,Dang
2026-03-05 09:31:55,Therapist,nguyen_uyen_66r1_763,Password123!,Uyen,Nguyen
2026-03-05 09:32:16,Therapist,phan_hung_kx4c_764,Password123!,Hung,Phan
2026-03-05 09:32:37,Therapist,le_xuan_e2tn_765,Password123!,Xuan,Le
2026-03-05 09:32:59,Client,le_binh_9gld_766,Password123!,Binh,Le
2026-03-05 09:33:58,Therapist,dang_giang_71xn_768,Password123!,Giang,Dang
2026-03-05 09:34:19,Therapist,nguyen_nam_v1oc_769,Password123!,Nam,Nguyen
2026-03-05 09:34:36,Client,le_xuan_3bfz_770,Password123!,Xuan,Le
2026-03-05 09:34:58,Therapist,ly_xuan_8owm_771,Password123!,Xuan,Ly
2026-03-05 09:35:17,Client,ly_an_gm7t_772,Password123!,An,Ly
2026-03-05 09:36:12,Client,tran_binh_ec9q_774,Password123!,Binh,Tran
2026-03-05 09:36:35,Therapist,pham_an_qoxw_775,Password123!,An,Pham
2026-03-05 09:36:56,Therapist,bui_nam_f1tx_776,Password123!,Nam,Bui
2026-03-05 09:37:14,Therapist,nguyen_hung_7b9f_777,Password123!,Hung,Nguyen
2026-03-05 09:37:36,Client,do_duy_mwnl_778,Password123!,Duy,Do
2026-03-05 09:37:56,Therapist,duong_linh_k8ik_779,Password123!,Linh,Duong
2026-03-05 09:38:16,Therapist,phan_dung_vyp6_780,Password123!,Dung,Phan
2026-03-05 09:39:07,Client,le_khoa_1zpp_782,Password123!,Khoa,Le
2026-03-05 09:39:24,Client,pham_viet_c20n_783,Password123!,Viet,Pham
2026-03-05 09:39:45,Therapist,duong_giang_ulcr_784,Password123!,Giang,Duong
2026-03-05 09:40:05,Client,phan_chi_o0bv_785,Password123!,Chi,Phan
2026-03-05 09:40:59,Therapist,le_phuong_diig_787,Password123!,Phuong,Le
2026-03-05 09:41:20,Client,nguyen_son_m55z_788,Password123!,Son,Nguyen
2026-03-05 09:42:16,Therapist,pham_dung_e4f6_790,Password123!,Dung,Pham
2026-03-05 09:42:34,Client,le_dung_fmky_791,Password123!,Dung,Le
2026-03-05 09:42:52,Therapist,hoang_linh_x4it_792,Password123!,Linh,Hoang
2026-03-05 09:43:13,Client,ly_uyen_dk2k_793,Password123!,Uyen,Ly
2026-03-05 09:43:33,Therapist,nguyen_xuan_1ytd_794,Password123!,Xuan,Nguyen
2026-03-05 09:43:55,Therapist,phan_thao_ijs7_795,Password123!,Thao,Phan
2026-03-05 09:44:16,Therapist,phan_phuong_kvxk_796,Password123!,Phuong,Phan
2026-03-05 09:44:36,Client,ho_binh_f0ne_797,Password123!,Binh,Ho
2026-03-05 09:44:58,Therapist,tran_quang_w7hj_798,Password123!,Quang,Tran
2026-03-05 09:45:21,Therapist,hoang_hung_iwho_799,Password123!,Hung,Hoang
2026-03-05 09:45:40,Client,tran_viet_s0ct_800,Password123!,Viet,Tran
2026-03-05 09:45:57,Client,bui_binh_7xj0_801,Password123!,Binh,Bui
2026-03-05 09:46:15,Therapist,ho_yen_c96a_802,Password123!,Yen,Ho
2026-03-05 09:46:35,Therapist,tran_linh_5324_803,Password123!,Linh,Tran
2026-03-05 09:46:54,Client,phan_dung_7j3m_804,Password123!,Dung,Phan
2026-03-05 09:47:14,Client,ly_yen_ux6s_805,Password123!,Yen,Ly
2026-03-05 09:47:34,Client,ngo_quang_8085_806,Password123!,Quang,Ngo
2026-03-05 09:47:53,Therapist,tran_viet_b2o3_807,Password123!,Viet,Tran
2026-03-05 09:48:14,Therapist,pham_phuong_ayuo_808,Password123!,Phuong,Pham
2026-03-05 09:48:32,Client,do_minh_1dv9_809,Password123!,Minh,Do
2026-03-05 09:48:48,Client,do_yen_7fd1_810,Password123!,Yen,Do
2026-03-05 09:49:06,Client,phan_thao_kkl5_811,Password123!,Thao,Phan
2026-03-05 09:49:56,Client,dang_hung_f8m2_813,Password123!,Hung,Dang
2026-03-05 09:50:13,Client,duong_thao_a0pa_814,Password123!,Thao,Duong
2026-03-05 09:50:36,Therapist,duong_khoa_sd15_815,Password123!,Khoa,Duong
2026-03-05 09:50:52,Client,pham_duy_ggdw_816,Password123!,Duy,Pham
2026-03-05 09:51:13,Client,hoang_giang_8ism_817,Password123!,Giang,Hoang
2026-03-05 09:51:33,Therapist,duong_phuong_o7c3_818,Password123!,Phuong,Duong
2026-03-05 09:52:17,Therapist,hoang_giang_1reb_820,Password123!,Giang,Hoang
2026-03-05 09:52:37,Therapist,dang_dung_gekc_821,Password123!,Dung,Dang
2026-03-05 09:52:58,Client,dang_thao_1h24_822,Password123!,Thao,Dang
2026-03-05 09:53:15,Client,tran_minh_sept_823,Password123!,Minh,Tran
2026-03-05 09:53:39,Therapist,hoang_nam_vaoi_824,Password123!,Nam,Hoang
2026-03-05 09:54:01,Therapist,ho_yen_bo4s_825,Password123!,Yen,Ho
2026-03-05 09:54:19,Client,bui_hung_znpb_826,Password123!,Hung,Bui
2026-03-05 09:54:42,Therapist,hoang_em_4uph_827,Password123!,Em,Hoang
2026-03-05 09:55:02,Therapist,bui_khoa_9an8_828,Password123!,Khoa,Bui
2026-03-05 09:55:22,Therapist,hoang_son_vqjs_829,Password123!,Son,Hoang
2026-03-05 09:55:45,Therapist,ho_quang_7up3_830,Password123!,Quang,Ho
2026-03-05 09:56:03,Client,do_nam_6jku_831,Password123!,Nam,Do
2026-03-05 09:56:21,Client,tran_uyen_yw7v_832,Password123!,Uyen,Tran
2026-03-05 09:56:40,Client,ly_nam_audq_833,Password123!,Nam,Ly
2026-03-05 09:57:00,Client,dang_thao_m1k4_834,Password123!,Thao,Dang
2026-03-05 09:57:16,Client,nguyen_minh_muww_835,Password123!,Minh,Nguyen
2026-03-05 09:57:39,Therapist,phan_thao_tr3g_836,Password123!,Thao,Phan
2026-03-05 09:58:01,Therapist,vu_phuong_l1ic_837,Password123!,Phuong,Vu
2026-03-05 09:58:22,Therapist,ho_minh_xua5_838,Password123!,Minh,Ho
2026-03-05 09:58:42,Therapist,vu_quang_xovk_839,Password123!,Quang,Vu
2026-03-05 09:59:02,Client,ly_uyen_iadt_840,Password123!,Uyen,Ly
2026-03-05 09:59:19,Client,ngo_viet_954e_841,Password123!,Viet,Ngo
2026-03-05 09:59:38,Client,le_son_e638_842,Password123!,Son,Le
2026-03-05 09:59:57,Client,ly_xuan_8bj8_843,Password123!,Xuan,Ly
2026-03-05 10:00:16,Client,hoang_nam_zzsi_844,Password123!,Nam,Hoang
2026-03-05 10:00:36,Therapist,ly_yen_xtsg_845,Password123!,Yen,Ly
2026-03-05 10:00:56,Therapist,tran_dung_tlwc_846,Password123!,Dung,Tran
2026-03-05 10:01:17,Therapist,vu_dung_mh9d_847,Password123!,Dung,Vu
2026-03-05 10:01:37,Therapist,ngo_linh_l8k2_848,Password123!,Linh,Ngo
2026-03-05 10:01:58,Client,ho_phuong_nabr_849,Password123!,Phuong,Ho
2026-03-05 10:02:15,Client,do_chi_62ar_850,Password123!,Chi,Do
2026-03-05 10:02:37,Therapist,ngo_an_4reb_851,Password123!,An,Ngo
2026-03-05 10:02:55,Client,ly_son_83vf_852,Password123!,Son,Ly
2026-03-05 10:03:14,Client,ly_son_h3vq_853,Password123!,Son,Ly
2026-03-05 10:03:34,Therapist,ngo_phuong_l2oq_854,Password123!,Phuong,Ngo
2026-03-05 10:03:54,Therapist,hoang_nam_ujth_855,Password123!,Nam,Hoang
2026-03-05 10:04:15,Client,tran_em_c7mg_856,Password123!,Em,Tran
2026-03-05 10:04:32,Client,vu_linh_5zzx_857,Password123!,Linh,Vu
2026-03-05 10:04:49,Client,phan_yen_svwa_858,Password123!,Yen,Phan
2026-03-05 10:05:08,Therapist,do_thao_oeny_859,Password123!,Thao,Do
2026-03-05 10:05:27,Client,tran_xuan_4czx_860,Password123!,Xuan,Tran
2026-03-05 10:05:44,Therapist,ly_binh_e5hy_861,Password123!,Binh,Ly
2026-03-05 10:06:01,Client,duong_yen_0t9q_862,Password123!,Yen,Duong
2026-03-05 10:06:24,Therapist,dang_binh_v9ha_863,Password123!,Binh,Dang
2026-03-05 10:06:44,Client,nguyen_quang_37am_864,Password123!,Quang,Nguyen
2026-03-05 10:07:04,Therapist,tran_linh_kmje_865,Password123!,Linh,Tran
2026-03-05 10:07:21,Client,nguyen_an_z9zx_866,Password123!,An,Nguyen
2026-03-05 10:07:43,Therapist,phan_nam_c8s7_867,Password123!,Nam,Phan
2026-03-05 10:08:04,Therapist,do_em_yya1_868,Password123!,Em,Do
2026-03-05 10:08:26,Therapist,ngo_son_7co3_869,Password123!,Son,Ngo
2026-03-05 10:08:50,Therapist,nguyen_yen_vzih_870,Password123!,Yen,Nguyen
2026-03-05 10:09:13,Therapist,ly_hung_176c_871,Password123!,Hung,Ly
2026-03-05 10:09:32,Therapist,bui_binh_qhij_872,Password123!,Binh,Bui
2026-03-05 10:09:58,Client,phan_minh_pzry_873,Password123!,Minh,Phan
2026-03-05 10:10:20,Therapist,bui_yen_5nfb_874,Password123!,Yen,Bui
2026-03-05 10:10:40,Therapist,dang_linh_1u9x_875,Password123!,Linh,Dang
2026-03-05 10:11:02,Therapist,nguyen_chi_f5rl_876,Password123!,Chi,Nguyen
2026-03-05 10:11:25,Therapist,ho_quang_264o_877,Password123!,Quang,Ho
2026-03-05 10:11:49,Therapist,tran_an_tp2s_878,Password123!,An,Tran
2026-03-05 10:12:08,Client,le_quang_hs38_879,Password123!,Quang,Le
2026-03-05 10:12:26,Therapist,bui_yen_diu7_880,Password123!,Yen,Bui
2026-03-05 10:12:44,Client,ly_linh_zw6h_881,Password123!,Linh,Ly
2026-03-05 10:13:08,Therapist,dang_khoa_rzy6_882,Password123!,Khoa,Dang
2026-03-05 10:13:31,Client,ngo_hung_5yhb_883,Password123!,Hung,Ngo
2026-03-05 10:13:54,Therapist,dang_an_h4q8_884,Password123!,An,Dang
2026-03-05 10:14:14,Client,dang_viet_6x6a_885,Password123!,Viet,Dang
2026-03-05 10:14:32,Client,tran_binh_vknc_886,Password123!,Binh,Tran
2026-03-05 10:14:52,Client,duong_an_7o06_887,Password123!,An,Duong
2026-03-05 10:15:12,Client,bui_an_ecwq_888,Password123!,An,Bui
2026-03-05 10:15:31,Therapist,hoang_viet_zzgq_889,Password123!,Viet,Hoang
2026-03-05 10:16:26,Client,ly_dung_3rmi_891,Password123!,Dung,Ly
2026-03-05 10:16:45,Client,pham_thao_jnq6_892,Password123!,Thao,Pham
2026-03-05 10:17:08,Therapist,ngo_minh_1kmq_893,Password123!,Minh,Ngo
2026-03-05 10:17:32,Therapist,duong_giang_7qui_894,Password123!,Giang,Duong
2026-03-05 10:17:49,Client,le_son_lgxm_895,Password123!,Son,Le
2026-03-05 10:18:10,Client,ho_phuong_pdam_896,Password123!,Phuong,Ho
2026-03-05 10:18:31,Therapist,duong_chi_u01j_897,Password123!,Chi,Duong
2026-03-05 10:18:50,Client,ngo_an_e1fi_898,Password123!,An,Ngo
2026-03-05 10:19:08,Client,tran_giang_rewp_899,Password123!,Giang,Tran
2026-03-05 10:19:30,Therapist,vu_khoa_th62_900,Password123!,Khoa,Vu
2026-03-05 10:20:23,Therapist,dang_thao_xutk_902,Password123!,Thao,Dang
2026-03-05 10:20:43,Client,pham_yen_nrk8_903,Password123!,Yen,Pham
2026-03-05 10:21:02,Client,ho_phuong_t9ur_904,Password123!,Phuong,Ho
2026-03-05 10:21:22,Client,pham_son_a52p_905,Password123!,Son,Pham
2026-03-05 10:21:39,Client,do_thao_g7vq_906,Password123!,Thao,Do
2026-03-05 10:21:57,Client,duong_son_o18p_907,Password123!,Son,Duong
2026-03-05 10:22:21,Therapist,bui_quang_h2ry_908,Password123!,Quang,Bui
2026-03-05 10:22:41,Therapist,dang_son_3hn9_909,Password123!,Son,Dang
2026-03-05 10:23:03,Therapist,tran_hung_ekui_910,Password123!,Hung,Tran
2026-03-05 10:23:21,Client,hoang_linh_qoed_911,Password123!,Linh,Hoang
2026-03-05 10:23:39,Therapist,tran_chi_4wor_912,Password123!,Chi,Tran
2026-03-05 10:24:01,Client,vu_duy_a433_913,Password123!,Duy,Vu
2026-03-05 10:24:19,Client,nguyen_duy_csys_914,Password123!,Duy,Nguyen
2026-03-05 10:24:37,Client,tran_giang_d1ck_915,Password123!,Giang,Tran
2026-03-05 10:24:57,Therapist,tran_linh_pfjh_916,Password123!,Linh,Tran
2026-03-05 10:25:13,Client,ly_xuan_g7uc_917,Password123!,Xuan,Ly
2026-03-05 10:25:35,Therapist,le_xuan_8shj_918,Password123!,Xuan,Le
2026-03-05 10:25:57,Therapist,duong_uyen_465g_919,Password123!,Uyen,Duong
2026-03-05 10:26:19,Therapist,ho_minh_ld36_920,Password123!,Minh,Ho
2026-03-05 10:26:36,Client,dang_phuong_9nsw_921,Password123!,Phuong,Dang
2026-03-05 10:26:55,Client,duong_son_jpse_922,Password123!,Son,Duong
2026-03-05 10:27:17,Therapist,ho_duy_rhqt_923,Password123!,Duy,Ho
2026-03-05 10:27:37,Therapist,ho_uyen_xtag_924,Password123!,Uyen,Ho
2026-03-05 10:27:54,Client,bui_em_qs7i_925,Password123!,Em,Bui
2026-03-05 10:28:17,Therapist,do_em_pd3i_926,Password123!,Em,Do
2026-03-05 10:28:39,Therapist,ngo_an_afrj_927,Password123!,An,Ngo
2026-03-05 10:28:57,Client,le_thao_pc9b_928,Password123!,Thao,Le
2026-03-05 10:29:15,Therapist,le_em_4rk8_929,Password123!,Em,Le
2026-03-05 10:30:06,Client,duong_duy_toh5_931,Password123!,Duy,Duong
2026-03-05 10:31:06,Therapist,hoang_an_g8zd_933,Password123!,An,Hoang
2026-03-05 10:31:28,Therapist,hoang_phuong_hy01_934,Password123!,Phuong,Hoang
2026-03-05 10:31:45,Client,do_xuan_kszw_935,Password123!,Xuan,Do
2026-03-05 10:32:03,Therapist,duong_chi_gyin_936,Password123!,Chi,Duong
2026-03-05 10:32:23,Therapist,ho_viet_ysqh_937,Password123!,Viet,Ho
2026-03-05 10:32:39,Client,do_khoa_upmq_938,Password123!,Khoa,Do
2026-03-05 10:32:59,Client,le_quang_9bkd_939,Password123!,Quang,Le
2026-03-05 10:33:20,Client,tran_giang_bsrq_940,Password123!,Giang,Tran
2026-03-05 10:33:37,Client,dang_viet_w77g_941,Password123!,Viet,Dang
2026-03-05 10:34:01,Therapist,ly_uyen_cd1t_942,Password123!,Uyen,Ly
2026-03-05 10:34:24,Therapist,nguyen_uyen_mgtq_943,Password123!,Uyen,Nguyen
2026-03-05 10:34:45,Therapist,pham_phuong_kuui_944,Password123!,Phuong,Pham
2026-03-05 10:35:04,Client,ho_binh_om0i_945,Password123!,Binh,Ho
2026-03-05 10:35:22,Client,tran_duy_39o2_946,Password123!,Duy,Tran
2026-03-05 10:35:42,Client,ly_xuan_md97_947,Password123!,Xuan,Ly
2026-03-05 10:36:02,Therapist,ngo_an_p59o_948,Password123!,An,Ngo
2026-03-05 10:36:22,Client,le_dung_thcu_949,Password123!,Dung,Le
2026-03-05 10:36:42,Client,le_xuan_gsqv_950,Password123!,Xuan,Le
2026-03-05 10:37:05,Therapist,bui_phuong_antk_951,Password123!,Phuong,Bui
2026-03-05 10:37:26,Therapist,vu_hung_8wpl_952,Password123!,Hung,Vu
2026-03-05 10:37:45,Therapist,le_xuan_7280_953,Password123!,Xuan,Le
2026-03-05 10:38:04,Client,le_viet_kryh_954,Password123!,Viet,Le
2026-03-05 10:38:20,Client,vu_binh_t089_955,Password123!,Binh,Vu
2026-03-05 10:38:42,Therapist,ho_minh_vtnj_956,Password123!,Minh,Ho
2026-03-05 10:39:01,Therapist,tran_quang_1a92_957,Password123!,Quang,Tran
2026-03-05 10:39:20,Therapist,le_khoa_ff0n_958,Password123!,Khoa,Le
2026-03-05 10:39:44,Therapist,le_em_ztpi_959,Password123!,Em,Le
2026-03-05 10:40:01,Client,ngo_binh_i8dn_960,Password123!,Binh,Ngo
2026-03-05 10:40:20,Therapist,bui_minh_2yf8_961,Password123!,Minh,Bui
2026-03-05 10:40:42,Therapist,dang_son_s6qa_962,Password123!,Son,Dang
2026-03-05 10:41:00,Client,dang_quang_qnj7_963,Password123!,Quang,Dang
2026-03-05 10:41:22,Therapist,tran_giang_gxsk_964,Password123!,Giang,Tran
2026-03-05 10:41:41,Therapist,pham_hung_ytt2_965,Password123!,Hung,Pham
2026-03-05 10:42:01,Client,ho_dung_svfx_966,Password123!,Dung,Ho
2026-03-05 10:42:18,Client,hoang_son_6wxu_967,Password123!,Son,Hoang
2026-03-05 10:42:38,Client,pham_binh_c03q_968,Password123!,Binh,Pham
2026-03-05 10:42:56,Client,vu_chi_242b_969,Password123!,Chi,Vu
2026-03-05 10:43:49,Therapist,vu_xuan_2klx_971,Password123!,Xuan,Vu
2026-03-05 10:44:09,Client,do_giang_1n6u_972,Password123!,Giang,Do
2026-03-05 10:44:27,Therapist,ngo_nam_1qoo_973,Password123!,Nam,Ngo
2026-03-05 10:44:52,Therapist,pham_chi_siid_974,Password123!,Chi,Pham
2026-03-05 10:45:09,Client,le_phuong_va79_975,Password123!,Phuong,Le
2026-03-05 10:45:27,Therapist,ho_giang_cwom_976,Password123!,Giang,Ho
2026-03-05 10:45:47,Client,dang_viet_r689_977,Password123!,Viet,Dang
2026-03-05 10:46:04,Therapist,dang_chi_x1vh_978,Password123!,Chi,Dang
2026-03-05 10:46:25,Therapist,le_khoa_924n_979,Password123!,Khoa,Le
2026-03-05 10:46:46,Therapist,hoang_minh_rs7b_980,Password123!,Minh,Hoang
2026-03-05 10:47:08,Client,ho_chi_rasm_981,Password123!,Chi,Ho
2026-03-05 10:47:26,Client,do_linh_8rht_982,Password123!,Linh,Do
2026-03-05 10:47:48,Therapist,do_quang_ndng_983,Password123!,Quang,Do
2026-03-05 10:48:06,Therapist,ly_viet_n7qm_984,Password123!,Viet,Ly
2026-03-05 10:48:26,Client,tran_nam_qz1x_985,Password123!,Nam,Tran
2026-03-05 10:48:48,Therapist,bui_xuan_y8bp_986,Password123!,Xuan,Bui
2026-03-05 10:49:09,Therapist,nguyen_nam_o0yi_987,Password123!,Nam,Nguyen
2026-03-05 10:49:29,Therapist,ly_thao_r67n_988,Password123!,Thao,Ly
2026-03-05 10:49:48,Client,ho_khoa_zjzc_989,Password123!,Khoa,Ho
2026-03-05 10:50:08,Client,ho_viet_ak7r_990,Password123!,Viet,Ho
2026-03-05 10:50:30,Therapist,pham_dung_spau_991,Password123!,Dung,Pham
2026-03-05 10:50:52,Therapist,pham_quang_i8a5_992,Password123!,Quang,Pham
2026-03-05 10:51:10,Client,dang_yen_8qha_993,Password123!,Yen,Dang
2026-03-05 10:51:26,Client,vu_an_9zuw_994,Password123!,An,Vu
2026-03-05 10:51:46,Client,vu_chi_yots_995,Password123!,Chi,Vu
2026-03-05 10:52:06,Client,ly_uyen_wdbo_996,Password123!,Uyen,Ly
2026-03-05 10:52:24,Therapist,dang_phuong_3a21_997,Password123!,Phuong,Dang
2026-03-05 10:52:43,Client,ly_quang_a5ii_998,Password123!,Quang,Ly
2026-03-05 10:53:02,Therapist,dang_quang_zpak_999,Password123!,Quang,Dang
2026-03-05 10:53:20,Client,duong_binh_37fz_1000,Password123!,Binh,Duong
2026-03-05 10:53:36,Client,phan_giang_j76f_1001,Password123!,Giang,Phan
2026-03-05 10:53:57,Therapist,nguyen_phuong_qj3o_1002,Password123!,Phuong,Nguyen
2026-03-05 10:54:15,Client,pham_yen_f6na_1003,Password123!,Yen,Pham
2026-03-05 10:54:35,Client,le_phuong_09qb_1004,Password123!,Phuong,Le
2026-03-05 10:55:29,Client,le_binh_8987_1006,Password123!,Binh,Le
2026-03-05 10:55:51,Therapist,vu_em_qplt_1007,Password123!,Em,Vu
2026-03-05 10:56:13,Therapist,phan_binh_pioi_1008,Password123!,Binh,Phan
2026-03-05 10:56:36,Therapist,ly_em_96on_1009,Password123!,Em,Ly
2026-03-05 10:56:55,Client,nguyen_uyen_nycw_1010,Password123!,Uyen,Nguyen
2026-03-05 10:57:13,Therapist,phan_binh_d4ab_1011,Password123!,Binh,Phan
2026-03-05 10:58:09,Therapist,duong_dung_folu_1013,Password123!,Dung,Duong
2026-03-05 10:58:27,Client,pham_quang_4t89_1014,Password123!,Quang,Pham
2026-03-05 10:58:48,Therapist,hoang_yen_f3dg_1015,Password123!,Yen,Hoang
2026-03-05 10:59:40,Client,nguyen_khoa_pw6f_1017,Password123!,Khoa,Nguyen
2026-03-05 10:59:57,Client,vu_son_156f_1018,Password123!,Son,Vu
2026-03-05 11:00:16,Client,le_hung_4pww_1019,Password123!,Hung,Le
2026-03-05 11:00:37,Therapist,dang_minh_f7mx_1020,Password123!,Minh,Dang
2026-03-05 11:00:56,Client,nguyen_viet_8qrs_1021,Password123!,Viet,Nguyen
2026-03-05 11:01:15,Therapist,vu_thao_sxv3_1022,Password123!,Thao,Vu
2026-03-05 11:01:35,Client,le_quang_z7ff_1023,Password123!,Quang,Le
2026-03-05 11:01:57,Therapist,hoang_binh_nu97_1024,Password123!,Binh,Hoang
2026-03-05 11:02:17,Therapist,bui_giang_0n76_1025,Password123!,Giang,Bui
2026-03-05 11:02:40,Therapist,vu_xuan_wyjx_1026,Password123!,Xuan,Vu
2026-03-05 11:03:02,Therapist,vu_chi_xsns_1027,Password123!,Chi,Vu
2026-03-05 11:03:20,Client,nguyen_minh_dwnp_1028,Password123!,Minh,Nguyen
2026-03-05 11:03:38,Client,le_uyen_uzzw_1029,Password123!,Uyen,Le
2026-03-05 11:03:57,Therapist,pham_duy_1sgq_1030,Password123!,Duy,Pham
2026-03-05 11:04:13,Client,duong_khoa_pkk7_1031,Password123!,Khoa,Duong
2026-03-05 11:04:34,Client,dang_minh_qw35_1032,Password123!,Minh,Dang
2026-03-05 11:04:50,Client,hoang_hung_qvvv_1033,Password123!,Hung,Hoang
2026-03-05 11:05:12,Therapist,bui_thao_fkmi_1034,Password123!,Thao,Bui
2026-03-05 11:05:35,Therapist,bui_em_pzun_1035,Password123!,Em,Bui
2026-03-05 11:05:54,Therapist,dang_giang_ss8t_1036,Password123!,Giang,Dang
2026-03-05 11:06:18,Therapist,ho_em_svg4_1037,Password123!,Em,Ho
2026-03-05 11:06:39,Client,phan_khoa_t31o_1038,Password123!,Khoa,Phan
2026-03-05 11:06:57,Client,ho_phuong_3bl7_1039,Password123!,Phuong,Ho
2026-03-05 11:07:18,Therapist,bui_yen_8xp0_1040,Password123!,Yen,Bui
2026-03-05 11:08:14,Therapist,ly_nam_7xpt_1042,Password123!,Nam,Ly
2026-03-05 11:08:32,Client,ly_giang_7eno_1043,Password123!,Giang,Ly
2026-03-05 11:08:56,Therapist,duong_viet_tq1q_1044,Password123!,Viet,Duong
2026-03-05 11:09:19,Therapist,nguyen_duy_bzwl_1045,Password123!,Duy,Nguyen
2026-03-05 11:09:38,Therapist,vu_xuan_nsow_1046,Password123!,Xuan,Vu
2026-03-05 11:09:59,Client,ho_hung_loyb_1047,Password123!,Hung,Ho
2026-03-05 11:10:19,Client,ly_linh_6nqi_1048,Password123!,Linh,Ly
2026-03-05 11:10:41,Therapist,ho_linh_a147_1049,Password123!,Linh,Ho
2026-03-05 11:10:59,Therapist,le_uyen_vl1u_1050,Password123!,Uyen,Le
2026-03-05 11:11:19,Client,do_linh_59pq_1051,Password123!,Linh,Do
2026-03-05 11:11:38,Client,duong_viet_hf40_1052,Password123!,Viet,Duong
2026-03-05 11:11:58,Therapist,pham_viet_xo88_1053,Password123!,Viet,Pham
2026-03-05 11:12:20,Therapist,vu_dung_aqfu_1054,Password123!,Dung,Vu
2026-03-05 11:12:42,Therapist,ho_em_e6h4_1055,Password123!,Em,Ho
2026-03-05 11:13:05,Therapist,nguyen_thao_rjep_1056,Password123!,Thao,Nguyen
2026-03-05 11:13:23,Client,ngo_son_37ub_1057,Password123!,Son,Ngo
2026-03-05 11:13:43,Therapist,ly_xuan_sjo6_1058,Password123!,Xuan,Ly
2026-03-05 11:14:04,Therapist,bui_minh_041n_1059,Password123!,Minh,Bui
2026-03-05 11:14:25,Therapist,duong_duy_e4n7_1060,Password123!,Duy,Duong
2026-03-05 11:14:47,Therapist,ngo_nam_wrn7_1061,Password123!,Nam,Ngo
2026-03-05 11:15:09,Therapist,phan_viet_u9d9_1062,Password123!,Viet,Phan
2026-03-05 11:15:29,Client,hoang_viet_bgcl_1063,Password123!,Viet,Hoang
2026-03-05 11:15:52,Therapist,le_giang_x6i3_1064,Password123!,Giang,Le
2026-03-05 11:16:13,Therapist,do_hung_cbfk_1065,Password123!,Hung,Do
2026-03-05 11:16:34,Therapist,ho_quang_5xut_1066,Password123!,Quang,Ho
2026-03-05 11:16:57,Therapist,nguyen_phuong_wv69_1067,Password123!,Phuong,Nguyen
2026-03-05 11:17:18,Therapist,ngo_giang_p6v9_1068,Password123!,Giang,Ngo
2026-03-05 11:17:35,Client,hoang_em_jd35_1069,Password123!,Em,Hoang
2026-03-05 11:17:56,Client,duong_binh_26g5_1070,Password123!,Binh,Duong
2026-03-05 11:18:18,Therapist,do_viet_hala_1071,Password123!,Viet,Do
2026-03-05 11:18:41,Therapist,nguyen_xuan_nwng_1072,Password123!,Xuan,Nguyen
2026-03-05 11:18:59,Client,vu_an_zwm0_1073,Password123!,An,Vu
2026-03-05 11:19:19,Therapist,tran_quang_0e0l_1074,Password123!,Quang,Tran
2026-03-05 11:19:39,Therapist,ho_an_7sd3_1075,Password123!,An,Ho
2026-03-05 11:20:00,Client,bui_giang_sbap_1076,Password123!,Giang,Bui
2026-03-05 11:20:19,Client,vu_viet_z5v4_1077,Password123!,Viet,Vu
2026-03-05 11:21:13,Client,ly_yen_zod9_1079,Password123!,Yen,Ly
2026-03-05 11:21:34,Client,duong_giang_8fqo_1080,Password123!,Giang,Duong
2026-03-05 11:21:52,Client,nguyen_duy_626a_1081,Password123!,Duy,Nguyen
2026-03-05 11:22:14,Therapist,ly_linh_stxk_1082,Password123!,Linh,Ly
2026-03-05 11:22:36,Therapist,duong_xuan_iohs_1083,Password123!,Xuan,Duong
2026-03-05 11:22:55,Client,do_chi_nckc_1084,Password123!,Chi,Do
2026-03-05 11:23:13,Therapist,duong_linh_cpd4_1085,Password123!,Linh,Duong
2026-03-05 11:23:33,Therapist,le_hung_uf72_1086,Password123!,Hung,Le
2026-03-05 11:23:52,Client,ly_dung_4td0_1087,Password123!,Dung,Ly
2026-03-05 11:24:10,Client,vu_son_yv3b_1088,Password123!,Son,Vu
2026-03-05 11:24:30,Therapist,ho_son_6jkv_1089,Password123!,Son,Ho
2026-03-05 11:24:47,Client,phan_binh_3ge2_1090,Password123!,Binh,Phan
2026-03-05 11:25:04,Client,do_khoa_kika_1091,Password123!,Khoa,Do
2026-03-05 11:25:20,Client,ho_an_9fwq_1092,Password123!,An,Ho
2026-03-05 11:25:40,Client,ho_xuan_v450_1093,Password123!,Xuan,Ho
2026-03-05 11:25:55,Client,hoang_hung_d1xi_1094,Password123!,Hung,Hoang
2026-03-05 11:26:14,Client,bui_phuong_plui_1095,Password123!,Phuong,Bui
2026-03-05 11:26:31,Client,dang_linh_51d2_1096,Password123!,Linh,Dang
2026-03-05 11:26:52,Therapist,le_nam_btvu_1097,Password123!,Nam,Le
2026-03-05 11:27:11,Therapist,tran_em_x9bk_1098,Password123!,Em,Tran
2026-03-05 11:27:33,Therapist,le_giang_zquu_1099,Password123!,Giang,Le
2026-03-05 11:27:51,Client,nguyen_duy_7qkv_1100,Password123!,Duy,Nguyen
2026-03-05 11:28:10,Therapist,hoang_son_vfoz_1101,Password123!,Son,Hoang
2026-03-05 11:28:29,Client,tran_hung_uodd_1102,Password123!,Hung,Tran
2026-03-05 11:28:50,Therapist,bui_binh_trjm_1103,Password123!,Binh,Bui
2026-03-05 11:29:10,Therapist,tran_xuan_lvmh_1104,Password123!,Xuan,Tran
2026-03-05 11:29:31,Therapist,nguyen_minh_6kfb_1105,Password123!,Minh,Nguyen
2026-03-05 11:30:24,Therapist,le_thao_of23_1107,Password123!,Thao,Le
2026-03-05 11:30:42,Therapist,ho_chi_5zef_1108,Password123!,Chi,Ho
2026-03-05 11:31:04,Therapist,bui_nam_5va7_1109,Password123!,Nam,Bui
2026-03-05 11:31:25,Therapist,ngo_thao_w9vi_1110,Password123!,Thao,Ngo
2026-03-05 11:31:45,Therapist,ly_linh_7f0o_1111,Password123!,Linh,Ly
2026-03-05 11:32:06,Therapist,ngo_phuong_ycyv_1112,Password123!,Phuong,Ngo
2026-03-05 11:32:27,Therapist,hoang_son_i2z2_1113,Password123!,Son,Hoang
2026-03-05 11:32:47,Client,ngo_nam_egbk_1114,Password123!,Nam,Ngo
2026-03-05 11:33:04,Client,ho_viet_3os3_1115,Password123!,Viet,Ho
2026-03-05 11:33:23,Therapist,le_phuong_dut6_1116,Password123!,Phuong,Le
2026-03-05 11:33:47,Therapist,dang_dung_7b6j_1117,Password123!,Dung,Dang
2026-03-05 11:34:41,Client,vu_uyen_frzr_1119,Password123!,Uyen,Vu
2026-03-05 11:35:01,Therapist,ly_giang_0q2m_1120,Password123!,Giang,Ly
2026-03-05 11:35:19,Client,vu_phuong_rxon_1121,Password123!,Phuong,Vu
2026-03-05 11:35:36,Client,ly_hung_dql8_1122,Password123!,Hung,Ly
2026-03-05 11:35:54,Client,phan_dung_vhpl_1123,Password123!,Dung,Phan
2026-03-05 11:36:12,Client,pham_an_1dsg_1124,Password123!,An,Pham
2026-03-05 11:36:31,Client,tran_dung_cje7_1125,Password123!,Dung,Tran
2026-03-05 11:36:51,Therapist,ngo_uyen_1x6j_1126,Password123!,Uyen,Ngo
2026-03-05 11:37:07,Client,dang_duy_z3ul_1127,Password123!,Duy,Dang
2026-03-05 11:37:24,Client,vu_binh_93la_1128,Password123!,Binh,Vu
2026-03-05 11:37:44,Therapist,nguyen_viet_sjzf_1129,Password123!,Viet,Nguyen
2026-03-05 11:38:04,Therapist,duong_chi_upns_1130,Password123!,Chi,Duong
2026-03-05 11:38:21,Client,pham_nam_qh66_1131,Password123!,Nam,Pham
2026-03-05 11:38:41,Client,hoang_linh_ly9v_1132,Password123!,Linh,Hoang
2026-03-05 11:39:00,Therapist,do_yen_ql94_1133,Password123!,Yen,Do
2026-03-05 11:39:21,Client,duong_xuan_n9pp_1134,Password123!,Xuan,Duong
2026-03-05 11:39:37,Client,ly_quang_j6p6_1135,Password123!,Quang,Ly
2026-03-05 11:40:01,Therapist,hoang_em_ghr0_1136,Password123!,Em,Hoang
2026-03-05 11:40:24,Therapist,ly_son_u88b_1137,Password123!,Son,Ly
2026-03-05 11:40:43,Client,le_phuong_g753_1138,Password123!,Phuong,Le
2026-03-05 11:41:01,Therapist,nguyen_binh_nl11_1139,Password123!,Binh,Nguyen
2026-03-05 11:41:28,Therapist,tran_dung_805t_1140,Password123!,Dung,Tran
2026-03-05 11:41:48,Therapist,dang_an_00j4_1141,Password123!,An,Dang
2026-03-05 11:42:05,Client,le_phuong_55jr_1142,Password123!,Phuong,Le
2026-03-05 11:42:24,Client,ly_xuan_tp03_1143,Password123!,Xuan,Ly
2026-03-05 11:42:41,Client,nguyen_em_0cft_1144,Password123!,Em,Nguyen
2026-03-05 11:42:58,Client,ly_son_dvng_1145,Password123!,Son,Ly
2026-03-05 11:43:49,Client,phan_yen_yv18_1147,Password123!,Yen,Phan
2026-03-05 11:44:11,Therapist,bui_em_68h0_1148,Password123!,Em,Bui
2026-03-05 11:44:32,Therapist,hoang_son_87cv_1149,Password123!,Son,Hoang
2026-03-05 11:44:49,Client,dang_chi_stqz_1150,Password123!,Chi,Dang
2026-03-05 11:45:11,Therapist,duong_yen_z87t_1151,Password123!,Yen,Duong
2026-03-05 11:45:30,Client,hoang_son_ksub_1152,Password123!,Son,Hoang
2026-03-05 11:45:54,Therapist,do_yen_3mmt_1153,Password123!,Yen,Do
2026-03-05 11:46:50,Therapist,le_yen_l20i_1155,Password123!,Yen,Le
2026-03-05 11:47:12,Therapist,le_binh_qcfq_1156,Password123!,Binh,Le
2026-03-05 11:47:32,Therapist,phan_phuong_cz5f_1157,Password123!,Phuong,Phan
2026-03-05 11:47:50,Client,phan_an_g2gp_1158,Password123!,An,Phan
2026-03-05 11:49:19,Therapist,phan_giang_fgy7_1161,Password123!,Giang,Phan
2026-03-05 11:50:09,Client,dang_dung_ng2y_1163,Password123!,Dung,Dang
2026-03-05 11:50:27,Therapist,hoang_uyen_jhoz_1164,Password123!,Uyen,Hoang
2026-03-05 11:50:45,Client,ngo_linh_u2uy_1165,Password123!,Linh,Ngo
2026-03-05 11:51:03,Client,le_minh_g049_1166,Password123!,Minh,Le
2026-03-05 11:51:22,Therapist,phan_em_oh5f_1167,Password123!,Em,Phan
2026-03-05 11:51:46,Therapist,do_em_5bkr_1168,Password123!,Em,Do
2026-03-05 11:52:04,Client,ly_an_dku6_1169,Password123!,An,Ly
2026-03-05 11:52:22,Client,duong_linh_joxa_1170,Password123!,Linh,Duong
2026-03-05 11:52:41,Therapist,ho_viet_da6z_1171,Password123!,Viet,Ho
2026-03-05 11:53:02,Client,le_son_4cuj_1172,Password123!,Son,Le
2026-03-05 11:53:22,Client,nguyen_em_6zzn_1173,Password123!,Em,Nguyen
2026-03-05 11:53:40,Client,pham_son_enx1_1174,Password123!,Son,Pham
2026-03-05 11:54:02,Therapist,tran_quang_r84w_1175,Password123!,Quang,Tran
2026-03-05 11:54:20,Client,vu_chi_msvc_1176,Password123!,Chi,Vu
2026-03-05 11:55:12,Client,ly_chi_cy7c_1178,Password123!,Chi,Ly
2026-03-05 11:55:31,Client,phan_em_2k4q_1179,Password123!,Em,Phan
2026-03-05 11:55:49,Client,vu_linh_7if8_1180,Password123!,Linh,Vu
2026-03-05 11:56:13,Therapist,ngo_yen_9f4s_1181,Password123!,Yen,Ngo
2026-03-05 11:56:34,Therapist,tran_uyen_ztbd_1182,Password123!,Uyen,Tran
2026-03-05 11:56:53,Client,do_giang_236w_1183,Password123!,Giang,Do
2026-03-05 11:57:47,Client,duong_binh_37wr_1185,Password123!,Binh,Duong
2026-03-05 11:58:08,Client,hoang_quang_yx2y_1186,Password123!,Quang,Hoang
2026-03-05 11:58:29,Therapist,dang_em_dx2v_1187,Password123!,Em,Dang
2026-03-05 11:58:48,Therapist,le_dung_kyw0_1188,Password123!,Dung,Le
2026-03-05 11:59:05,Client,do_viet_gqvy_1189,Password123!,Viet,Do
2026-03-05 11:59:22,Client,nguyen_thao_qfhc_1190,Password123!,Thao,Nguyen
2026-03-05 11:59:41,Client,hoang_giang_njl0_1191,Password123!,Giang,Hoang
2026-03-05 12:00:35,Client,hoang_uyen_1sbs_1193,Password123!,Uyen,Hoang
2026-03-05 12:00:56,Therapist,ly_uyen_kleu_1194,Password123!,Uyen,Ly
2026-03-05 12:01:13,Client,ho_an_e6yd_1195,Password123!,An,Ho
2026-03-05 12:01:30,Client,le_viet_tm3p_1196,Password123!,Viet,Le
2026-03-05 12:01:47,Client,nguyen_minh_96f9_1197,Password123!,Minh,Nguyen
2026-03-05 12:02:43,Client,phan_khoa_4hfl_1199,Password123!,Khoa,Phan
2026-03-05 12:03:02,Client,vu_minh_5fav_1200,Password123!,Minh,Vu
2026-03-05 12:03:25,Therapist,bui_viet_2i1q_1201,Password123!,Viet,Bui
2026-03-05 12:03:47,Client,hoang_chi_km1g_1202,Password123!,Chi,Hoang
2026-03-05 12:04:04,Client,nguyen_chi_xd0q_1203,Password123!,Chi,Nguyen
2026-03-05 12:04:23,Therapist,bui_viet_b7s8_1204,Password123!,Viet,Bui
2026-03-05 12:04:47,Therapist,phan_uyen_z7p5_1205,Password123!,Uyen,Phan
2026-03-05 12:05:11,Therapist,do_giang_g5fw_1206,Password123!,Giang,Do
2026-03-05 12:05:30,Client,do_an_62gy_1207,Password123!,An,Do
2026-03-05 12:05:48,Client,bui_viet_h6xm_1208,Password123!,Viet,Bui
2026-03-05 12:06:10,Therapist,pham_khoa_yz38_1209,Password123!,Khoa,Pham
2026-03-05 12:06:31,Therapist,nguyen_thao_wuno_1210,Password123!,Thao,Nguyen
2026-03-05 12:06:50,Client,dang_phuong_8xvv_1211,Password123!,Phuong,Dang
2026-03-05 12:07:09,Client,ngo_uyen_zj03_1212,Password123!,Uyen,Ngo
2026-03-05 12:07:32,Therapist,nguyen_minh_gq9u_1213,Password123!,Minh,Nguyen
2026-03-05 12:07:51,Client,ly_giang_d8gi_1214,Password123!,Giang,Ly
2026-03-05 12:08:10,Client,dang_an_slr9_1215,Password123!,An,Dang
2026-03-05 12:08:28,Client,nguyen_quang_c6ki_1216,Password123!,Quang,Nguyen
2026-03-05 12:08:47,Therapist,phan_an_3iz5_1217,Password123!,An,Phan
2026-03-05 12:09:07,Client,ngo_an_qea9_1218,Password123!,An,Ngo
2026-03-05 12:09:28,Therapist,ngo_son_wbw5_1219,Password123!,Son,Ngo
2026-03-05 12:09:48,Client,vu_viet_jkjg_1220,Password123!,Viet,Vu
2026-03-05 12:10:06,Client,nguyen_giang_hf4x_1221,Password123!,Giang,Nguyen
2026-03-05 12:11:02,Client,phan_linh_tlr7_1223,Password123!,Linh,Phan
2026-03-05 12:11:23,Client,ly_yen_hzg8_1224,Password123!,Yen,Ly
2026-03-05 12:11:41,Client,ly_minh_x7ho_1225,Password123!,Minh,Ly
2026-03-05 12:11:59,Client,pham_quang_4llg_1226,Password123!,Quang,Pham
2026-03-05 12:12:20,Therapist,le_phuong_i9u5_1227,Password123!,Phuong,Le
2026-03-05 12:12:40,Client,duong_thao_gok2_1228,Password123!,Thao,Duong
2026-03-05 12:12:57,Client,ho_quang_d7f2_1229,Password123!,Quang,Ho
2026-03-05 12:13:14,Client,ngo_khoa_0u12_1230,Password123!,Khoa,Ngo
2026-03-05 12:13:39,Therapist,ho_em_2t42_1231,Password123!,Em,Ho
2026-03-05 12:14:00,Therapist,dang_nam_nuzn_1232,Password123!,Nam,Dang
2026-03-05 12:14:20,Client,pham_binh_9r18_1233,Password123!,Binh,Pham
2026-03-05 12:14:40,Client,tran_khoa_ew19_1234,Password123!,Khoa,Tran
2026-03-05 12:14:59,Client,nguyen_uyen_csii_1235,Password123!,Uyen,Nguyen
2026-03-05 12:15:18,Client,tran_duy_q8ek_1236,Password123!,Duy,Tran
2026-03-05 12:15:36,Client,ngo_xuan_l1zw_1237,Password123!,Xuan,Ngo
2026-03-05 12:16:00,Therapist,hoang_minh_ljeg_1238,Password123!,Minh,Hoang
2026-03-05 12:16:22,Therapist,do_an_yzce_1239,Password123!,An,Do
2026-03-05 12:16:39,Client,ngo_thao_1cip_1240,Password123!,Thao,Ngo
2026-03-05 12:16:58,Client,phan_xuan_28nx_1241,Password123!,Xuan,Phan
2026-03-05 12:17:18,Client,duong_em_5i0n_1242,Password123!,Em,Duong
2026-03-05 12:17:39,Therapist,ly_viet_5dou_1243,Password123!,Viet,Ly
2026-03-05 12:17:59,Therapist,ly_an_jcv7_1244,Password123!,An,Ly
2026-03-05 12:18:20,Therapist,ly_giang_yvaq_1245,Password123!,Giang,Ly
2026-03-05 12:18:38,Client,bui_chi_q5yn_1246,Password123!,Chi,Bui
2026-03-05 12:18:59,Client,hoang_uyen_mi4c_1247,Password123!,Uyen,Hoang
2026-03-05 12:19:19,Therapist,hoang_son_msou_1248,Password123!,Son,Hoang
2026-03-05 12:19:44,Therapist,vu_duy_i8l8_1249,Password123!,Duy,Vu
2026-03-05 12:20:06,Therapist,ho_khoa_am2x_1250,Password123!,Khoa,Ho
2026-03-05 12:20:29,Therapist,hoang_chi_e106_1251,Password123!,Chi,Hoang
2026-03-05 12:20:48,Client,do_linh_bugy_1252,Password123!,Linh,Do
2026-03-05 12:21:10,Therapist,do_linh_8avb_1253,Password123!,Linh,Do
2026-03-05 12:21:34,Therapist,nguyen_nam_sicq_1254,Password123!,Nam,Nguyen
2026-03-05 12:21:54,Therapist,ly_son_q5v9_1255,Password123!,Son,Ly
2026-03-05 12:22:16,Therapist,ho_viet_26tw_1256,Password123!,Viet,Ho
2026-03-05 12:23:08,Client,ly_son_ow2w_1258,Password123!,Son,Ly
2026-03-05 12:23:31,Therapist,duong_yen_16z5_1259,Password123!,Yen,Duong
2026-03-05 12:24:24,Client,ho_chi_krcj_1261,Password123!,Chi,Ho
2026-03-05 12:24:47,Therapist,nguyen_duy_9kgf_1262,Password123!,Duy,Nguyen
2026-03-05 12:25:05,Client,ngo_uyen_dfsn_1263,Password123!,Uyen,Ngo
2026-03-05 12:25:24,Therapist,pham_em_nym7_1264,Password123!,Em,Pham
2026-03-05 12:25:46,Therapist,le_chi_7ga9_1265,Password123!,Chi,Le
2026-03-05 12:26:09,Therapist,pham_son_y58e_1266,Password123!,Son,Pham
2026-03-05 12:26:27,Client,do_nam_koe3_1267,Password123!,Nam,Do
2026-03-05 12:26:44,Client,do_uyen_zfeg_1268,Password123!,Uyen,Do
2026-03-05 12:27:04,Therapist,do_khoa_eerg_1269,Password123!,Khoa,Do
2026-03-05 12:27:26,Therapist,le_son_aedr_1270,Password123!,Son,Le
2026-03-05 12:27:49,Therapist,le_linh_7sj2_1271,Password123!,Linh,Le
2026-03-05 12:28:11,Client,ly_em_sfjy_1272,Password123!,Em,Ly
2026-03-05 12:28:35,Therapist,ho_minh_p04j_1273,Password123!,Minh,Ho
2026-03-05 12:28:54,Client,bui_hung_fdw2_1274,Password123!,Hung,Bui
2026-03-05 12:29:12,Client,le_viet_h7za_1275,Password123!,Viet,Le
2026-03-05 12:29:32,Therapist,duong_nam_zprf_1276,Password123!,Nam,Duong
2026-03-05 12:29:50,Client,ly_khoa_hghw_1277,Password123!,Khoa,Ly
2026-03-05 12:30:12,Therapist,ly_binh_wbjl_1278,Password123!,Binh,Ly
2026-03-05 12:30:32,Client,tran_em_8ca1_1279,Password123!,Em,Tran
2026-03-05 12:30:49,Client,pham_em_ojqn_1280,Password123!,Em,Pham
2026-03-05 12:31:08,Client,hoang_linh_z3mf_1281,Password123!,Linh,Hoang
2026-03-05 12:31:27,Client,ho_quang_xcvb_1282,Password123!,Quang,Ho
2026-03-05 12:31:48,Client,do_quang_xbxb_1283,Password123!,Quang,Do
2026-03-05 12:32:06,Client,tran_linh_yppj_1284,Password123!,Linh,Tran
2026-03-05 12:32:27,Therapist,duong_uyen_d9lp_1285,Password123!,Uyen,Duong
2026-03-05 12:32:47,Therapist,le_duy_wcku_1286,Password123!,Duy,Le
2026-03-05 12:33:06,Therapist,pham_minh_zqpk_1287,Password123!,Minh,Pham
2026-03-05 12:33:28,Therapist,hoang_son_9chq_1288,Password123!,Son,Hoang
2026-03-05 12:33:49,Therapist,phan_phuong_q8hq_1289,Password123!,Phuong,Phan
2026-03-05 12:34:06,Client,nguyen_minh_5bjw_1290,Password123!,Minh,Nguyen
2026-03-05 12:34:25,Client,dang_duy_k98m_1291,Password123!,Duy,Dang
2026-03-05 12:34:42,Client,hoang_khoa_mqkt_1292,Password123!,Khoa,Hoang
2026-03-05 12:34:59,Client,vu_giang_qojb_1293,Password123!,Giang,Vu
2026-03-05 12:35:18,Therapist,le_duy_zi3q_1294,Password123!,Duy,Le
2026-03-05 12:35:37,Client,do_thao_ikpv_1295,Password123!,Thao,Do
2026-03-05 12:35:56,Therapist,vu_son_8h74_1296,Password123!,Son,Vu
2026-03-05 12:36:14,Client,ly_quang_tg9t_1297,Password123!,Quang,Ly
2026-03-05 12:36:32,Client,ly_linh_sld7_1298,Password123!,Linh,Ly
2026-03-05 12:36:53,Therapist,nguyen_minh_etuc_1299,Password123!,Minh,Nguyen
2026-03-05 12:37:13,Client,le_khoa_ai1r_1300,Password123!,Khoa,Le
2026-03-05 12:37:34,Therapist,bui_uyen_jtqi_1301,Password123!,Uyen,Bui
2026-03-05 12:37:54,Therapist,le_dung_1dtt_1302,Password123!,Dung,Le
2026-03-05 12:38:13,Client,pham_yen_981a_1303,Password123!,Yen,Pham
2026-03-05 12:38:30,Client,pham_binh_9h8k_1304,Password123!,Binh,Pham
2026-03-05 12:38:48,Client,nguyen_dung_ckob_1305,Password123!,Dung,Nguyen
2026-03-05 12:39:05,Client,phan_khoa_3uke_1306,Password123!,Khoa,Phan
2026-03-05 12:39:28,Therapist,vu_duy_10j6_1307,Password123!,Duy,Vu
2026-03-05 12:39:52,Therapist,ngo_son_ek2n_1308,Password123!,Son,Ngo
2026-03-05 12:40:12,Client,hoang_yen_mfkm_1309,Password123!,Yen,Hoang
2026-03-05 12:40:33,Client,do_xuan_0uyz_1310,Password123!,Xuan,Do
2026-03-05 12:41:26,Therapist,do_linh_19d9_1312,Password123!,Linh,Do
2026-03-05 12:41:45,Client,dang_yen_40r2_1313,Password123!,Yen,Dang
2026-03-05 12:42:05,Client,ngo_dung_o6se_1314,Password123!,Dung,Ngo
2026-03-05 12:42:26,Therapist,pham_dung_7ack_1315,Password123!,Dung,Pham
2026-03-05 12:42:45,Client,pham_uyen_1p67_1316,Password123!,Uyen,Pham
2026-03-05 12:43:02,Client,le_quang_6qxu_1317,Password123!,Quang,Le
2026-03-05 12:43:20,Client,duong_binh_tozw_1318,Password123!,Binh,Duong
2026-03-05 12:43:42,Therapist,vu_quang_hl7x_1319,Password123!,Quang,Vu
2026-03-05 12:44:02,Client,bui_em_244b_1320,Password123!,Em,Bui
